 /*
  * mysqlを起動すること
  * mysql.server start
  * <Leader> se で実行
  */

-- profile for local database;
-- profile名、DB名を変更すること ユーザ情報は変更する必要なし
let g:dbext_default_profile_api = 'type=mysql:user=vim:passwd=vim012:host=0.0.0.0:port=3306:dbname=aa159mpruc_sjk:extra=-vvv'
DBSetOption profile=api

-- profile for local testing database;
-- profile名、DB名を変更すること ユーザ情報は変更する必要なし
let g:dbext_default_profile_api_test = 'type=mysql:user=vim:passwd=vim012:host=0.0.0.0:port=3306:dbname=aa159mpruc_test:extra=-vvv'
DBSetOption profile=api_test

SHOW databases;
SHOW tables;

-- vehicles 確認 /*{{{*/
SELECT * FROM `vehicles`;
/*}}}*/

-- vehicles テーブル作成 /*{{{*/
DESC `vehicles`;
DROP TABLE `vehicles`;
CREATE TABLE IF NOT EXISTS `vehicles` (
  `id` INT(11) NOT NULL AUTO_INCREMENT,
  `product_id` VARCHAR(7) NOT NULL,
  `new_flag` TINYINT(1) UNSIGNED NOT NULL DEFAULT 0,
  `deal_flag` TINYINT(1) NOT NULL DEFAULT 0,
  `soldout_flag` TINYINT(1) NOT NULL DEFAULT 0,
  `recommend_flag` TINYINT(1) NOT NULL DEFAULT 0,
  `icon_date` DATE NULL,
  `ref_id` VARCHAR(16) NULL,
  `category_id` INT(2) NOT NULL,
  `name` VARCHAR(255) NOT NULL,
  `price` INT(11) NULL,
  `maker_id` INT(2) NOT NULL,
  `product_name` VARCHAR(20) NULL,
  `size_id` INT(1) NOT NULL,
  `mfg_date` VARCHAR(12) NULL,
  `model` VARCHAR(20) NULL,
  `mfg_no` VARCHAR(40) NULL,
  `mot_date` VARCHAR(20) NULL,
  `mileage` INT(8) NULL,
  `wheel` VARCHAR(45) NULL,
  `engine` VARCHAR(45) NULL,
  `ps` VARCHAR(12) NULL,
  `mission` VARCHAR(45) NULL,
  `capacity` INT(6) NULL,
  `break` VARCHAR(45) NULL,
  `cc` INT(6) NULL,
  `limitter` VARCHAR(45) NULL,
  `ac_flag` TINYINT(1) NOT NULL DEFAULT 0,
  `ps_flag` TINYINT(1) NOT NULL DEFAULT 0,
  `body` VARCHAR(45) NULL,
  `dimension` VARCHAR(255) NULL,
  `recycle` INT(8) NULL,
  `description` TEXT NULL,
  PRIMARY KEY (`id`))
ENGINE = InnoDB
/*}}}*/

-- vehicles レコード挿入 /*{{{*/
TRUNCATE `vehicles`;
INSERT INTO `vehicles` (
  `product_id`,
  `new_flag`,
  `deal_flag`,
  `soldout_flag`,
  `recommend_flag`,
  `icon_date`,
  `ref_id`,
  `category_id`,
  `name`,
  `price`,
  `maker_id`,
  `product_name`,
  `size_id`,
  `mfg_date`,
  `model`,
  `mfg_no`,
  `mot_date`,
  `mileage`,
  `wheel`,
  `engine`,
  `ps`,
  `mission`,
  `capacity`,
  `break`,
  `cc`,
  `limitter`,
  `ac_flag`,
  `ps_flag`,
  `body`,
  `dimension`,
  `recycle`,
  `description`
) VALUES
(110001,1,0,0,1,NULL,'280330B',1,'平成4年式　中型　日野　セルフローダー　ハイジャッキ',NULL,2,'',2,'1992-09','U-FD2HKAA','FD2HKA-12361',NULL,210000,'セルフローダー','H07C',NULL,'F6速',2300,'エアー',6720,'なし',1,1,'','L4980　W2120',6710,'床形状　鉄キャブ形状 標準スプリング　トーションバーボデー内寸　長さ3110　幅1610　高さ380積載量　2000kgミッション　5速車載工具　有'),
(110002,1,0,1,1,NULL,'280220A',1,'平成16年式　小型　いすゞ　平ボデー',null,1,'',1,'2004-07','KR-NKR81EA','NKR81E-7041886','2016-11',52031,'平ボデー','4HL1','140ps','F5速',2000,'バキューム',4770,'ないｓ',1,1,'','L3110　W1610　H380',8440,'床形状　鉄キャブ形状 標準スプリング　トーションバーボデー内寸　長さ3110　幅1610　高さ380積載量　2000kgミッション　5速車載工具　有 ');
;
/*}}}*/


-- parts 確認 /*{{{*/
SELECT * FROM `parts`;
/*}}}*/

-- parts テーブル作成 /*{{{*/
DESC `parts`;
DROP TABLE `parts`;
CREATE TABLE IF NOT EXISTS `parts` (
  `id` INT(11) NOT NULL AUTO_INCREMENT,
  `product_id` VARCHAR(7) NOT NULL,
  `new_flag` TINYINT(1) UNSIGNED NOT NULL DEFAULT 0,
  `deal_flag` TINYINT(1) NOT NULL DEFAULT 0,
  `soldout_flag` TINYINT(1) NOT NULL DEFAULT 0,
  `recommend_flag` TINYINT(1) NOT NULL DEFAULT 0,
  `icon_date` DATE NULL,
  `ref_id` VARCHAR(16) NULL,
  `category_id` INT(2) NOT NULL,
  `sub_category_id` INT(3) NULL,
  `name` VARCHAR(255) NOT NULL,
  `price` INT(11) NULL,
  `maker_id` INT(2) NULL,
  `product_name` VARCHAR(20) NOT NULL,
  `size_id` INT(1) NULL,
  `mfg_date` VARCHAR(12) NULL,
  `model` VARCHAR(20) NULL,
  `mfg_no` VARCHAR(40) NULL,
  `engine` VARCHAR(12) NULL,
  `engine_no` VARCHAR(20) NULL,
  `mission` VARCHAR(12) NULL,
  `mission_no` VARCHAR(20) NULL,
  `ps` INT(6) NULL,
  `mileage` INT(8) NULL,
  `turbo` VARCHAR(12) NULL,
  `diff` VARCHAR(20) NULL,
  `gear` VARCHAR(20) NULL,
  `cabin` VARCHAR(20) NULL,
  `cabin_roof` VARCHAR(20) NULL,
  `description` TEXT NULL,
  PRIMARY KEY (`id`))
ENGINE = InnoDB
/*}}}*/

-- parts レコード挿入 /*{{{*/
TRUNCATE `parts`;
INSERT INTO `parts` (
  `product_id`,
  `new_flag`,
  `deal_flag`,
  `soldout_flag`,
  `recommend_flag`,
  `icon_date`,
  `ref_id`,
  `category_id`,
  `sub_category_id`,
  `name`,
  `price`,
  `maker_id`,
  `product_name`,
  `size_id`,
  `mfg_date`,
  `model`,
  `mfg_no`,
  `engine`,
  `engine_no`,
  `mission`,
  `mission_no`,
  `ps`,
  `mileage`,
  `turbo`,
  `diff`,
  `gear`,
  `cabin`,
  `cabin_roof`,
  `description`
) VALUES

('010001',0,0,1,1,NULL,'280113X006',1,4,'インタークーラー',NULL,3,'',1,'2007','PA-FE82DEV','FE82DEV-523042','4M50','','','',NULL,NULL,'','','','','','センサー付　カプラ1ヶ　2P　フィン潰れ有'),
('010002',0,0,1,1,NULL,'280113X005',1,3,'ラジエター',NULL,3,'',1,'2007','PA-FE82DEV','FE82DEV-523042','4M50','','','',NULL,NULL,'','','','','','アルミ製　ME417291　デンソー422133-1192　フィン潰れ有'),
('010003',0,0,1,1,NULL,'280113J002',1,4,'インタークーラー',NULL,1,'',3,'2003','KL-CYY51V4J','CYY51V4J-3000015','6WF1','','','',NULL,NULL,'','','','','','1144310552　No313106　TRS製　　　　　　　　　　　　　　　　　　　　　　　　　　　　　　　　　　　　　　　フィン潰れ有　下側潰れ有　取付ねじ一ヶ所不良'),
('010004',0,0,0,0,NULL,'280113J001',1,3,'ラジエター',NULL,1,'',3,'2003','KL-CYY51V4J','CYY51V4J-3000015','6WF1','','','',NULL,NULL,'','','','','','アルミ製　フィン潰れ有'),
('010005',0,0,0,0,NULL,'280112H001',1,1,'エンジン',NULL,1,'',1,'2006','PB-NKR81AD','NKR81-7058235','4HL1','424490','','','140','48000','有','','','','','E/Gテスト済　噴射ポンプ　デンソー　8-97306044-8　294000-0038　07H　10209'),
('010006',0,0,0,0,NULL,'271130H014',1,1,'エンジン',NULL,3,'',1,'2007','PA-FE82DEV','FE82DEV-523042','4M50','4M50-C69770','','','140','207000','有','','','','','現車時エンジン点検済'),
('010007',0,0,0,0,NULL,'271130H009',1,5,'排気ブレーキ',NULL,3,'',1,'2007','PA-FE82DEV','FE82DEV-523042','4M50','','','','140','207000','有','','','','','ME413299'),
('010008',0,0,0,0,NULL,'271130H004',1,5,'テールパイプ',NULL,3,'',1,'2007','PA-FE82DEV','FE82DEV-523042','4M50','','','','140','207000','有','','','','',''),
('010009',0,0,0,0,NULL,'271130H003',1,2,'マフラー',NULL,3,'',1,'2007','PA-FE82DEV','FE82DEV-523042','4M50','','','','140','207000','有','','','','','ME409160'),
('010010',0,0,0,0,NULL,'271116X002',1,5,'エアクリーナー',NULL,1,'',1,'2005','PA-NPR81N','NPR81-7011073','4HL1','','','','160','836000','有','','','','',''),
('010011',0,0,0,0,NULL,'271116H003',1,5,'排気ブレーキ',NULL,1,'',1,'2005','PA-NPR81N','NPR81-7011073','4HL1','','','','160','836000','有','','','','','純正部品番号　8-98052-473　286-05462'),
('010012',0,0,0,0,NULL,'271116H001',1,2,'マフラー',NULL,1,'',1,'2005','PA-NPR81N','NPR81-7011073','4HL1','','','','160','836000','有','','','','','タイコ本体　約93.4?B　後部バンドサビ有'),
('010013',0,0,0,0,NULL,'271113H002',1,4,'インタークーラー',NULL,1,'',1,'2005','PA-NPR81N','NPR81-7011073','4HL1','','','','160','836000','有','','','','','フィン傷有　純正部品番号8973333621'),
('010014',0,0,0,0,NULL,'270513J001',1,1,'エンジン',NULL,2,'',3,'2007','BDG-FW1EZY','FW1EZY-10439','E13C','13869','','','360',NULL,'有','','','','','ハーネス要交換　プーリー要点検　事故車の為走行距離不明'),
('010015',0,0,0,0,NULL,'270427J002',1,1,'エンジン',NULL,1,'',3,'2004','KL-CYJ23W4','CYJ23W4-7000011','6SD1','45295','','','340','1270000','有','','','','','オイルパン要交換　ファンクラッチ要交換'),
('010016',0,0,0,0,NULL,'270313I001',1,1,'エンジン',NULL,1,'',2,'2003','KK-FRR35H3S','FRR35H3S-7000073','6HL1','6HL1-329799','','','180','265','なし','','','','','エンジン始動確認済み'),
('020001',0,0,0,0,NULL,'280112I001',2,6,'マニュアルミッション',NULL,1,'',2,'2006','KK-FRR35J4S','FRR35J4S-7002604','6HL1','','','',NULL,'987000','','','','','','クラッチマスター取外し　カプラ3ヶ　2P 2P 3P'),
('020002',0,0,0,0,NULL,'280112H002',2,6,'マニュアルミッション',NULL,1,'',1,'2006','PB-NKR81AD','NKR81-7058235','4HL1','','','',NULL,'48000','','','','','','クラッチマスター取外し　5速ミッション　走行未テスト　カプラ3ヶ　2P 2P 3P　カプラセンサー割れ有要交換'),
('020003',0,0,0,0,NULL,'271116I001',2,6,'マニュアルミッション',NULL,1,'',1,'2006','ADG-FRR90L3','FRR90L3-7000661','4HK1','','','',NULL,'706000','','','','','','クラッチマスター取外し　オイルレベルドレン　ねじ山潰れ　チェック済'),
('020004',0,0,0,0,NULL,'271022I001',2,6,'マニュアルミッション',NULL,3,'',2,'2001','KK-FK61FK','FK61FK-751084','6M60','','M050S6F053','',NULL,'936000','','','','','','クラッチマスター取外し　6速マニュアル　ギヤ目視点検済　PTOカバーパッキン、ドレンパッキン要交換'),
('020005',0,0,0,0,NULL,'270731J002',2,6,'マニュアルミッション',NULL,1,'',3,'2009','PDG-CYL77V8','CYL77V8-7003022','6UZ1','','MJT7U','P0191952',NULL,'537000','','','','','','7速マニュアル　リターダー付'),
('020006',0,0,0,0,NULL,'270513J002',2,6,'マニュアルミッション',NULL,2,'',3,'2007','BDG-FW1EZY','FW1EZY-10439','E13C','','','',NULL,NULL,'','','','','','クラッチマスター取外し　ハーネス要交換　プレート08　7　1535　'),
('020007',0,0,0,0,NULL,'270427J003',2,6,'マニュアルミッション',NULL,1,'',3,'2004','KL-CYJ23W4','CYJ23W4-7000011','6SD1','','MJT7A','P0008479','340','1270000','有','','','','','リターダ付、フォークシャフト要交換'),
('020008',0,0,0,0,NULL,'270316I003',2,9,'PTO',NULL,1,'',2,'2003','KK-FRR35H3S','FRR35H3S-7000073','6HL1','','','','180','265','なし','','','','','クレーン用PTO　ポンプ直付タイプ'),
('030001',0,0,0,0,NULL,'280113J003',3,'12','RRデフ',NULL,1,'',3,'2002','KL-CYJ51W3Z','CYJ51W3Z-3000353','6WF1','','','',NULL,NULL,'','43/16','','','','リアリア用'),
('030002',0,0,0,0,NULL,'280113H001',3,'16','プロペラシャフト',NULL,1,'',1,'2006','PB-NKR81AD','NKR81-7058235','','','','',NULL,NULL,'','','','','','ダンプ用　全体の長さ約100?B　伸ばした状態105?B　　　　　　　　　　　　取付部　ネジセンターセンター　対角約10?B'),
('030003',0,0,0,0,NULL,'280108I003',3,'13','Rホーシング',NULL,1,'',2,'2002','KK-FRR33L4','FRR33L4-7001469','','','','',NULL,NULL,'','','','','','ABSセンサー、摩耗センサー破損有　ハブシールリップ当たり面段差付　摩耗左右　ハブドラ付'),
('030004',0,0,0,0,NULL,'280108I002',3,'10','Rデフ',NULL,1,'',2,'2002','KK-FRR33L4','FRR33L4-7001469','','','','',NULL,NULL,'','41/9','','','',''),
('030005',0,0,0,0,NULL,'280108I001',3,'10','Rデフ',NULL,2,'',2,'2003','KK-FC5JNE','FC5JNE-10078','','','','',NULL,NULL,'','37/11','','','','41221　4380　V1　36-276'),
('030006',0,0,0,0,NULL,'280108H005',3,'13','Rホーシング',NULL,1,'',1,'2005','PB-NKR81A','NKR81-7010170','','','','',NULL,NULL,'','','','','','ハブドラ付き'),
('030007',0,0,0,0,NULL,'280108H004',3,'10','Rデフ',NULL,1,'',1,'2005','PB-NKR81A','NKR81-7010170','','','','',NULL,NULL,'','43/10','','','',''),
('030008',0,0,0,0,NULL,'280107I003',3,'13','Rホーシング',NULL,2,'',2,'2003','KK-FC5JNE','FC5JNE-10078','','','','',NULL,NULL,'','','','','','ブレーキパイプ破損　ABSセンサー切れ　ブレーキパイプブラケット曲がり　バックプレート曲がり'),
('030009',0,0,0,0,NULL,'280107I002',3,'13','Rホーシング',NULL,1,'',2,'2005','PA-FRR34L4','FRR34L4-7005470','','','','',NULL,NULL,'','39/9','','','','ドラム確認済　サビ相応　ABS配線切れ　ハブドラ付き'),
('030010',0,0,0,0,NULL,'280107I001',3,'10','Rデフ',NULL,1,'',2,'2005','PA-FRR34L4','FRR34L4-7005470','','','','',NULL,NULL,'','39/9','','','',''),
('030011',0,0,0,0,NULL,'280107H002',3,'13','Rホーシング',NULL,1,'',1,'2007','PB-NKR81A','NKR81-7067301','','','','',NULL,NULL,'','','','','','ハブドラ付き'),
('030012',0,0,0,0,NULL,'280107H001',3,'10','Rデフ',NULL,1,'',1,'2007','PB-NKR81A','NKR81-7067301','','','','',NULL,NULL,'','43/10','','','',''),
('030013',0,0,0,0,NULL,'271215J002',3,'15','RRホーシング',NULL,1,'',3,'2011','LKG-CYJ77A','CYJ77A-7002602','','','','',NULL,NULL,'','','','','','リアリア用　8H　ABS付き　カプラ2P 2P　デフ取外し　ハブドラ付き'),
('030014',0,0,0,0,NULL,'271215J001',3,'14','RFホーシング',NULL,1,'',3,'2012','PDG-CYJ77A','CYJ77A-7004394','','','','',NULL,NULL,'','','','','','リアフロント用　8H　スルーシャフト、カバー取外し　　　　　　　　　ハブドラ付き'),
('030015',0,0,0,0,NULL,'271215H001',3,'10','Rデフ',NULL,1,'',1,'2011','KK-BKR75PR','BKR75P-7000040','','','','',NULL,NULL,'','43/10','','','',''),
('030016',0,0,0,0,NULL,'271214J002',3,'11','RFデフ',NULL,1,'',3,'2012','PDG-CYJ77A','CYJ77A-7004394','','','','',NULL,NULL,'','41/8','','','','リアフロント用'),
('030017',0,0,0,0,NULL,'271214J001',3,'12','RRデフ',NULL,1,'',3,'2011','LKG-CYJ77A','CYJ77A-7002602','','','','',NULL,NULL,'','43/14','','','','リアリア用'),
('030018',0,0,0,0,NULL,'271213J001',3,'12','RRデフ',NULL,1,'',3,'2012','PDG-CYJ77A','CYJ77A-7004394','','','','',NULL,NULL,'','43/14','','','','リアリア用'),
('030019',0,0,0,0,NULL,'271130H012',3,'13','Rホーシング',NULL,3,'',1,'2007','PA-FE82DEV','FE82DEV-523042','','','','',NULL,NULL,'','','','','','ABS付き　ハブドラ付き'),
('030020',0,0,0,0,NULL,'271130H011',3,'16','プロペラシャフト',NULL,1,'',1,'2001','KK-NPR72LAR','NPR72L-7427422','','','','',NULL,NULL,'','','','','',''),
('030021',0,0,0,0,NULL,'271130H010',3,'16','プロペラシャフト',NULL,1,'',1,'2001','KK-NPR72LAR','NPR72L-7427422','','','','',NULL,NULL,'','','','','',''),
('030022',0,0,0,0,NULL,'271130H006',3,'16','プロペラシャフト',NULL,3,'',1,'2007','PA-FE82DEV','FE82DEV-523042','','','','',NULL,NULL,'','','','','','ME508757'),
('030023',0,0,0,0,NULL,'271130H005',3,'16','プロペラシャフト',NULL,3,'',1,'2007','PA-FE82DEV','FE82DEV-523042','','','','',NULL,NULL,'','','','','','MK501460Y'),
('030024',0,0,0,0,NULL,'271124H004',3,'13','Rホーシング',NULL,1,'',1,'2003','KK-NPR75LV','NPR75L-7001126','','','','',NULL,NULL,'','43/10','','','','ABS配線切れ　この部品はデフのみ、ホーシングのみ等の部品取りにも対応可能です'),
('030025',0,0,0,0,NULL,'271124H003',3,'13','Rホーシング',NULL,1,'',1,'2000','KK-NKR71L','NKR71L-7406485','','','','',NULL,NULL,'','39/7','','','','ABS配線切れ　この部品はデフのみ、ホーシングのみ等の部品取りにも対応可能です'),
('030026',0,0,0,0,NULL,'271124H002',3,'13','Rホーシング',NULL,1,'',1,'2006','PB-NKR81','NKR81-7035027','','','','',NULL,NULL,'','39/7','','','','ABS配線切れ　ドラム固着　※シャフト外せば回る　　　　　　　　　この部品はデフのみ、ホーシングのみ等の部品取りにも対応可能です'),
('030027',0,0,0,0,NULL,'271124H001',3,'13','Rホーシング',NULL,1,'',1,'2005','AFG-NPR82AN','NPR82-7000054','','','','',NULL,NULL,'','41/9','','','','この部品はデフのみ、ホーシングのみ等の部品取りにも対応可能です'),
('030028',0,0,0,0,NULL,'271121H004',3,'13','Rホーシング',NULL,1,'',1,'1995','KC-NKR71E','NKR71E-7400491','','','','',NULL,NULL,'','41/8','','','','ブレーキパイプ曲がり　この部品はデフのみ、ホーシングのみ等の部品取りにも対応可能です'),
('030029',0,0,0,0,NULL,'271121H003',3,'13','Rホーシング',NULL,1,'',1,'2001','KR-NPR72L','NPR71L-7427422','','','','',NULL,NULL,'','43/8','','','','ABS配線切れ　　ブレーキホース切れこの部品はデフのみ、ホーシングのみ等の部品取りにも対応可能です'),
('030030',0,0,0,0,NULL,'271121H002',3,'13','Rホーシング',NULL,1,'',1,'2005','PA-NPR81N','NPR81-7011073','','','','',NULL,NULL,'','41/10','','','','ABS配線切れ　ブレーキホース切れ　この部品はデフのみ、ホーシングのみ等の部品取りにも対応可能です'),
('030031',0,0,0,0,NULL,'271113H0012',3,'16','プロペラシャフト',NULL,1,'',1,'2005','PA-NPR81N','NPR81-7011073','','','','',NULL,NULL,'','','','','',''),
('030032',0,0,0,0,NULL,'270808H001',3,'13','Rホーシング',NULL,1,'',1,'2012','SKG-NNR85','NNR85-7001382','','','','',NULL,NULL,'','43/8','','','','ABS配線切れ　この部品はデフのみ、ホーシングのみ等の部品取りにも対応可能です'),
('030033',0,0,0,0,NULL,'270806I007',3,'13','Rホーシング',NULL,1,'',2,'2008','ADG-FRR34','FRR34-7004189','','','','',NULL,NULL,'','43/11','','','','カプラ割れ　この部品はデフのみ、ホーシングのみ等の部品取りにも対応可能です'),
('030034',0,0,0,0,NULL,'270806I006',3,'13','Rホーシング',NULL,1,'',2,'','KK-FRD35L4','FRD35L4-3000119','','','','',NULL,NULL,'','38/8','','','','この部品はデフのみ、ホーシングのみ等の部品取りにも対応可能です'),
('030035',0,0,0,0,NULL,'270806I005',3,'13','Rホーシング',NULL,1,'',2,'2003','KK-FRR35H3S','FRR35H3S-7000073','','','','',NULL,NULL,'','41/8','','','','ブレーキパイプ潰れ要交換　この部品はデフのみ、ホーシングのみ等の部品取りにも対応可能です'),
('030036',0,0,0,0,NULL,'270806I002',3,'13','Rホーシング',NULL,1,'',2,'2008','ADG-FRR90L3','FRR90L3-7005687','','','','',NULL,NULL,'','41/9','','','','この部品はデフのみ、ホーシングのみ等の部品取りにも対応可能です'),
('030037',0,0,0,0,NULL,'270806I001',3,'13','Rホーシング',NULL,1,'',2,'2006','ADG-FRR90L3','FRR90L3-7000661','','','','',NULL,NULL,'','38/8','','','','ABS配線切れ　ブレーキパイプ亀裂有　この部品はデフのみ、ホーシングのみ等の部品取りにも対応可能です'),
('030038',0,0,0,0,NULL,'270522J011',3,'13','Rホーシング',NULL,3,'',3,'2006','PJ-FP54JD','FP54JD-540656','','','','',NULL,NULL,'','38/11','','','','デフ　MK321660　右シャフトネジ欠品　この部品はデフのみ、ホーシングのみ等の部品取りにも対応可能です'),
('030039',0,0,0,0,NULL,'270521J009',3,'16','プロペラシャフト',NULL,1,'',3,'2008','PDG-CYJ77W8','CYJ77W8-7000992','','','','',NULL,NULL,'','','','','','デフデフ間プロペラシャフト'),
('030040',0,0,0,0,NULL,'270507J004',3,'12','RRデフ',NULL,1,'',3,'','PJ-CYJ77W6','CYJ77W6-7001346','','','','',NULL,NULL,'','43/13','','','','リアリア用'),
('030041',0,0,0,0,NULL,'270507J003',3,'11','RFデフ',NULL,1,'',3,'','PJ-CYJ77W6','CYJ77W6-7001346','','','','',NULL,NULL,'','39/7','','','','リアフロント用'),
('030042',0,0,0,0,NULL,'270507J002',3,'10','Rデフ',NULL,1,'',3,'','KL-EXD52D3','EXD52D3-3000831','','','','',NULL,NULL,'','41/10','','','','デフミットカバー要交換'),
('030043',0,0,0,0,NULL,'270507J001',3,'10','Rデフ',NULL,1,'',3,'2001','KL-CYL51V3','CYL51V3-3000907','','','','',NULL,NULL,'','43/13','','','','デフロック付'),
('030044',0,0,0,0,NULL,'261112F1',3,'11','RFデフ',NULL,1,'',3,'2007','PJ-CYJ51W6','CYJ51W6-7003414','','','','',NULL,NULL,'','41/10','','','','リアフロント用　プロペラ4本止め'),
('030045',0,0,0,0,NULL,'261112F2',3,'12','RRデフ',NULL,1,'',3,'2007','PJ-CYJ51W6','CYJ51W6-7003414','','','','',NULL,NULL,'','41/17','','','','リアリア用'),
('040001',0,0,0,0,NULL,'271130H013',4,'18','フロントアクスル',NULL,3,'',1,'2007','PA-FE82DEV','FE82DEV-523042','','','','',NULL,NULL,'','','','','','独立懸架式　ディスクブレーキ　ABS付き　ラックピニオン付'),
('040002',0,0,0,0,NULL,'271130H008',4,'20','ギヤボックス',NULL,3,'',1,'2007','PA-FE82DEV','FE82DEV-523042','','','','',NULL,NULL,'','','','','','MK384492'),
('040003',0,0,0,0,NULL,'271130H002',4,'19','スプリング',NULL,3,'',1,'2007','PA-FE82DEV','FE82DEV-523042','','','','',NULL,NULL,'','','','','','リアスプリング'),
('040004',0,0,0,0,NULL,'271130H001',4,'19','スプリング',NULL,3,'',1,'2007','PA-FE82DEV','FE82DEV-523042','','','','',NULL,NULL,'','','','','','リアスプリング'),
('040005',0,0,0,0,NULL,'271121H001',4,'18','フロントアクスル',NULL,1,'',1,'2005','PA-NPR81N','NPR81-7011073','','','','',NULL,NULL,'','','','','','ディスク　アブソーバー付き　ABS付き'),
('040006',0,0,0,0,NULL,'270521J008',4,'22','Vロッド',NULL,1,'',3,'2008','PDG-CYJ77W8','CYJ77W8-7000992','','','','',NULL,NULL,'','','','','','ブッシュ要点検'),
('040007',0,0,0,0,NULL,'270521J007',4,'22','Vロッド',NULL,1,'',3,'2008','PDG-CYJ77W8','CYJ77W8-7000992','','','','',NULL,NULL,'','','','','','ブッシュ要点検'),
('040008',0,0,0,0,NULL,'270521J006',4,'22','スタビライザーブラケット',NULL,1,'',3,'2008','PDG-CYJ77W8','CYJ77W8-7000992','','','','',NULL,NULL,'','','','','','アルミ製'),
('040009',0,0,0,0,NULL,'270521J005',4,'22','スタビライザーブラケット',NULL,1,'',3,'2008','PDG-CYJ77W8','CYJ77W8-7000992','','','','',NULL,NULL,'','','','','','アルミ製'),
('040010',0,0,0,0,NULL,'270521J004',4,'22','スタビライザー',NULL,1,'',3,'2008','PDG-CYJ77W8','CYJ77W8-7000992','','','','',NULL,NULL,'','','','','','ブッシュ要点検　236'),
('040011',0,0,0,0,NULL,'270521J003',4,'22','スタビライザー',NULL,1,'',3,'2008','PDG-CYJ77W8','CYJ77W8-7000992','','','','',NULL,NULL,'','','','','','ブッシュ要点検　236'),
('050001',0,0,0,0,NULL,'271016Y003',5,NULL,'キャビンay',NULL,1,'',2,'2002','KK-FRR33L4','FRR33L4-7001469','','','','',NULL,NULL,'','','','ワイド','ハイルーフ','右コーナーパネル割れ有　左ミラーカバー割れ　フロントガラス飛石有　左ミラー欠品部品有　フロントパネル良品（交換歴有）　3ぺダル　6速マニュアル'),
('050002',0,0,0,0,NULL,'271016X002',5,NULL,'キャビンay',NULL,1,'',1,'2006','PB-NKR81N','NKR81-7062360','','','','',NULL,NULL,'','','','スタンダード','ハイルーフ','オーバーフェンダー　右ミラーカバー割れ　右ドア小曲がり　　　　3ペダル　5速マニュアル'),
('050003',0,0,0,0,NULL,'271016Y001',5,NULL,'キャビンay',NULL,3,'',2,'2001','KK-FK61FK','FK61FK-751084','','','','',NULL,NULL,'','','','ワイド','','フロントガラス飛石有　右ドアヘコミ有　フロントパネルヘコミ有　右ミラー取付部割れ有　シートブーツ破れ有　センターコンソール破損有　3ペダル　6速マニュアル'),
('050004',0,0,0,0,NULL,'271014Y003',5,NULL,'キャビンay',NULL,1,'',2,'2004','KK-FRR35L4','FRR35L4-7004480','','','','',NULL,NULL,'','','','ワイド','ハイルーフ','シート破れ　フロントパネル割れ　センターコンソール割れ　各部サビ有　2ペダル　6速スムーサー'),
('050005',0,0,0,0,NULL,'271014X002',5,NULL,'キャビンay',NULL,1,'',1,'2004','KR-NHR69','NHR69-7000422','','','','',NULL,NULL,'','','','スタンダード','ロールーフ','12V車　オートマ　シート破れ　各部サビ有　右ドアヘコミ有'),
('050006',0,0,0,0,NULL,'2701014X001',5,NULL,'キャビンay',NULL,1,'',1,'2003','KR-NKR81E','NKR81E-7016549','','','','',NULL,NULL,'','','','スタンダード','ハイルーフ','左バイザー割れ　左後部ヘコミ有　右ヘッドライト上部ヘコミ有　室内灯破損有　3ペダル　5速マニュアル'),
('060001',0,0,0,0,NULL,'271226X010',6,'34','ステップ（左）',NULL,1,'',1,'2003','KR-NKR81E','NKR81E-7013621','','','','',NULL,NULL,'','','','','',''),
('060002',0,0,0,0,NULL,'271226X009',6,'34','ステップ（右）',NULL,1,'',1,'2003','KR-NKR81E','NKR81E-7013621','','','','',NULL,NULL,'','','','','',''),
('060003',0,0,0,0,NULL,'271226X008',6,'32','コーナーランプ（右）',NULL,1,'',1,'2003','KR-NKR81E','NKR81E-7013621','','','','',NULL,NULL,'','','','','','灯火確認済　カプラ4P'),
('060004',0,0,0,0,NULL,'271226X007',6,'32','コーナーランプ（左）',NULL,1,'',1,'2003','KR-NKR81E','NKR81E-7013621','','','','',NULL,NULL,'','','','','','灯火確認済　カプラ4P'),
('060005',0,0,0,0,NULL,'271226X006',6,'31','コーナーパネル（左）',NULL,1,'',1,'2003','KR-NKR81E','NKR81E-7013621','','','','',NULL,NULL,'','','','','','メッキ'),
('060006',0,0,0,0,NULL,'271226X005',6,'31','コーナーパネル（右）',NULL,1,'',1,'2003','KR-NKR81E','NKR81E-7013621','','','','',NULL,NULL,'','','','','','メッキ'),
('060007',0,0,0,0,NULL,'271226X004',6,'27','ヘッドライト（右）',NULL,1,'',1,'2003','KR-NKR81E','NKR81E-7013621','','','','',NULL,NULL,'','','','','','24V　灯火確認済　フォグ付'),
('060008',0,0,0,0,NULL,'271226X003',6,'27','ヘッドライト（左）',NULL,1,'',1,'2003','KR-NKR81E','NKR81E-7013621','','','','',NULL,NULL,'','','','','','24V　灯火確認済　フォグ付'),
('060009',0,0,0,0,NULL,'271226X002',6,'33','ミラー（右）',NULL,1,'',1,'2003','KR-NKR81E','NKR81E-7013621','','','','',NULL,NULL,'','','','','','カスタム仕様　カプラ7P　モーター確認済　カバー付'),
('060010',0,0,0,0,NULL,'271226X001',6,3,'ミラー（左）',NULL,1,'',1,'2003','KR-NKR81E','NKR81E-7013621','','','','',NULL,NULL,'','','','','','カスタム仕様　カプラ7P　モーター確認済　カバー付'),
('060011',0,0,0,0,NULL,'271221Z007',6,'29','ドライバーシート',NULL,1,'',3,'2002','KL-CYJ51W3Z','CYJ51W3Z-3000353','','','','',NULL,NULL,'','','','','','4?B程度の破れ有'),
('060012',0,0,0,0,NULL,'271221Z006',6,'25','ドア（右）',NULL,1,'',3,'2002','KL-CYJ51W3Z','CYJ51W3Z-3000353','','','','',NULL,NULL,'','','','','','点検済　カプラ6P　7P　ドアボックス欠品'),
('060013',0,0,0,0,NULL,'271221Z005',6,'36','OKウインドウ',NULL,1,'',3,'2002','KL-CYJ51W3Z','CYJ51W3Z-3000353','','','','',NULL,NULL,'','','','','',''),
('060014',0,0,0,0,NULL,'271221Z004',6,'31','コーナーパネル（右）',NULL,1,'',3,'2002','KL-CYJ51W3Z','CYJ51W3Z-3000353','','','','',NULL,NULL,'','','','','','ゴム切れ　傷有'),
('060015',0,0,0,0,NULL,'271221Z003',6,'36','ドアウインカー（左）',NULL,1,'',3,'2002','KL-CYJ51W3Z','CYJ51W3Z-3000353','','','','',NULL,NULL,'','','','','',''),
('060016',0,0,0,0,NULL,'271221Z001',6,'27','ヘッドライトバラスト',NULL,1,'',3,'2002','KL-CYJ51W3Z','CYJ51W3Z-3000353','','','','',NULL,NULL,'','','','','','39100-21716　X6T02492　キャビン側'),
('060017',0,0,0,0,NULL,'271219X004',6,'25','ドア（右）',NULL,1,'',1,'2001','KK-NHR69E','NHR69E-7445868','','','','',NULL,NULL,'','','','','ロールーフ','12V用　ロールーフ　モーター点検済　S/W未テスト'),
('060018',0,0,0,0,NULL,'271219X002',6,'25','ドア（右）',NULL,5,'',1,'1995','U-WGFAT','WGFAT-185741','','','','',NULL,NULL,'','','','','','点検済　傷、サビ小　ヘコミ有'),
('060019',0,0,0,0,NULL,'271219X001',6,'25','ドア（左）',NULL,5,'',1,'1995','U-WGFAT','WGFAT-185741','','','','',NULL,NULL,'','','','','','点検済'),
('060020',0,0,0,0,NULL,'271218X003',6,'27','ヘッドライト（右）',NULL,1,'',1,'2001','KK-NHR69E','NHR69E-7445868','','','','',NULL,NULL,'','','','','','点灯確認済　12V用　フォグランプ付'),
('060021',0,0,0,0,NULL,'271218X002',6,'27','ヘッドライト（左）',NULL,1,'',1,'2001','KK-NHR69E','NHR69E-7445868','','','','',NULL,NULL,'','','','','','点灯確認済　12V用　フォグランプ付'),
('060022',0,0,0,0,NULL,'271116X003',6,'26','フロントバンパー',NULL,3,'',1,'2012','TKG-FEB50','FEB50-510705','','','','',NULL,NULL,'','','','ワイド','','ワイド用　小傷有　フォグランプ付'),
('060023',0,0,0,0,NULL,'271116X001',6,'36','ルーフキャリア',NULL,1,'',1,'2010','BKG-NPR85AR','NPR85-7019577','','','','',NULL,NULL,'','','','ワイド','ハイルーフ','横180?B　たて90?B　最大荷重20kg　小傷有　左横アルミパイプ曲がり有'),
('060024',0,0,0,0,NULL,'271113X003',6,'27','ヘッドライト（左）',NULL,1,'',1,'2005','PA-NPR81N','NPR81-7011073','','','','',NULL,NULL,'','','','ワイド','ハイルーフ','点灯確認済　レベライザーなし'),
('060025',0,0,0,0,NULL,'271113X001',6,'31','コーナーパネル（左）',NULL,1,'',1,'2005','PA-NPR81N','NPR81-7011073','','','','',NULL,NULL,'','','','ワイド','ハイルーフ','下部に1?B程度のヒビ有'),
('060026',0,0,0,0,NULL,'270721Z008',6,'30','フロントグリル',NULL,3,'',3,'2002','KL-FT50JVX','FT50JVX-520669','','','','',NULL,NULL,'','','','','','左ライト下側割れ有'),
('060027',0,0,0,0,NULL,'270721Z007',6,'33','ミラー（左）',NULL,3,'',3,'2002','KL-FT50JVX','FT50JVX-520669','','','','',NULL,NULL,'','','','','','ミラーカバー割れ有　格納モーターなし'),
('060028',0,0,0,0,NULL,'270721Z006',6,'33','ミラー（右）',NULL,3,'',3,'2002','KL-FT50JVX','FT50JVX-520669','','','','',NULL,NULL,'','','','','',''),
('060029',0,0,0,0,NULL,'270721Z005',6,'36','ライトリム（右）',NULL,3,'',3,'2002','KL-FT50JVX','FT50JVX-520669','','','','',NULL,NULL,'','','','','',''),
('060030',0,0,0,0,NULL,'270721Z004',6,'36','ライトリム（左）',NULL,3,'',3,'2002','KL-FT50JVX','FT50JVX-520669','','','','',NULL,NULL,'','','','','',''),
('060031',0,0,0,0,NULL,'270721Z003',6,'27','ヘッドライト（右）',NULL,3,'',3,'2002','KL-FT50JVX','FT50JVX-520669','','','','',NULL,NULL,'','','','','','ディスチャージ　X6T02091'),
('060032',0,0,0,0,NULL,'270721Z002',6,'32','コーナーランプ（右）',NULL,3,'',3,'2002','KL-FT50JVX','FT50JVX-520669','','','','',NULL,NULL,'','','','','',''),
('060033',0,0,0,0,NULL,'270721Z001',6,'32','コーナーランプ（左）',NULL,3,'',3,'2002','KL-FT50JVX','FT50JVX-520669','','','','',NULL,NULL,'','','','','',''),
('060034',0,0,0,0,NULL,'270721Y011',6,'31','コーナーパネル（右）',NULL,3,'',2,'2006','PA-FK71R','FK71R-701591','','','','',NULL,NULL,'','','','','','コーナーランプ付　上側取付部穴割れ有'),
('060035',0,0,0,0,NULL,'270721Y010',6,'31','コーナーパネル（左）',NULL,3,'',2,'2006','PA-FK71R','FK71R-701591','','','','',NULL,NULL,'','','','','','コーナーランプ付　上側取付部穴割れ有'),
('060036',0,0,0,0,NULL,'270721Y008',6,'25','ドア（左）',NULL,3,'',2,'2006','PA-FK71R','FK71R-701591','','','','',NULL,NULL,'','','','','',''),
('060037',0,0,0,0,NULL,'270721Y006',6,'33','ミラー（左）',NULL,3,'',2,'2006','PA-FK71R','FK71R-701591','','','','',NULL,NULL,'','','','','',''),
('060038',0,0,0,0,NULL,'270721Y003',6,'35','フェンダー（右）',NULL,3,'',2,'2006','PA-FK71R','FK71R-701591','','','','',NULL,NULL,'','','','','','ベッドレス用　フェンダーガード欠品'),
('060039',0,0,0,0,NULL,'270721Y002',6,'35','フェンダー（左）',NULL,3,'',2,'2006','PA-FK71R','FK71R-701591','','','','',NULL,NULL,'','','','','','ベッドレス用'),
('060040',0,0,0,0,NULL,'270715X014',6,'30','フロントグリル',NULL,1,'',1,'2003','KR-NKR81EAV改','NKR81E-7020034','','','','',NULL,NULL,'','','','スタンダード','ハイルーフ',''),
('060041',0,0,0,0,NULL,'270715X013',6,'33','ミラー（左）',NULL,1,'',1,'2003','KR-NKR81EAV改','NKR81E-7020034','','','','',NULL,NULL,'','','','スタンダード','ハイルーフ','電動格納タイプ'),
('060042',0,0,0,0,NULL,'270715X011',6,'31','コーナーパネル（左）',NULL,1,'',1,'2003','KR-NKR81EAV改','NKR81E-7020034','','','','',NULL,NULL,'','','','','',''),
('060043',0,0,0,0,NULL,'270715X010',6,'31','コーナーパネル（右）',NULL,1,'',1,'2003','KR-NKR81EAV改','NKR81E-7020034','','','','',NULL,NULL,'','','','','',''),
('060044',0,0,0,0,NULL,'270715X009',6,'32','コーナーランプ（右）',NULL,1,'',1,'2003','KR-NKR81EAV改','NKR81E-7020034','','','','',NULL,NULL,'','','','','','クリア'),
('060045',0,0,0,0,NULL,'270715X008',6,'32','コーナーランプ（左）',NULL,1,'',1,'2003','KR-NKR81EAV改','NKR81E-7020034','','','','',NULL,NULL,'','','','','','クリア　表面小傷有'),
('060046',0,0,0,0,NULL,'270715X007',6,'27','ヘッドライト（左）',NULL,1,'',1,'2003','KR-NKR81EAV改','NKR81E-7020034','','','','',NULL,NULL,'','','','','','114-21721　フォグランプ付'),
('060047',0,0,0,0,NULL,'270715X006',6,'27','ヘッドライト（右）',NULL,1,'',1,'2003','KR-NKR81EAV改','NKR81E-7020034','','','','',NULL,NULL,'','','','','','114-21721　フォグランプ付'),
('060048',0,0,0,0,NULL,'270715X005',6,'26','フロントバンパー',NULL,1,'',1,'2003','KR-NKR81EAV改','NKR81E-7020034','','','','',NULL,NULL,'','','','','','下部汚れ有　小傷多数有　ステー付'),
('060049',0,0,0,0,NULL,'270715X004',6,'34','ステップ（左）',NULL,1,'',1,'2003','KR-NKR81EAV改','NKR81E-7020034','','','','',NULL,NULL,'','','','','',''),
('060050',0,0,0,0,NULL,'270715X003',6,'34','ステップ（右）',NULL,1,'',1,'2003','KR-NKR81EAV改','NKR81E-7020034','','','','',NULL,NULL,'','','','','',''),
('060051',0,0,0,0,NULL,'270311X001',6,'30','フロントグリル',NULL,1,'',1,'2012','SKG-NPR85YN','NPR85Y-7002396','','','','',NULL,NULL,'','','','ワイド','','ワイド用　メッキ　裏側取付部破損有'),
('060052',0,0,0,0,NULL,'270311Y001',6,'28','フロントパネル',NULL,1,'',2,'','PA-FRR','','','','','',NULL,NULL,'','','','ワイド','','ワイド用　1純正白　再塗装済'),
('060053',0,0,0,0,NULL,'270311Z003',6,'28','フロントパネル',NULL,1,'',3,'','PDG-CYJ','','','','','',NULL,NULL,'','','','','','07ギガ用　表面擦り傷有　裏側部品欠品・破損有'),
('060054',0,0,0,0,NULL,'270311Z004',6,'33','ミラーステー（左）',NULL,1,'',3,'2012','PDG-CYJ77A','CYJ77A-7004394','','','','',NULL,NULL,'','','','','','ミラーなし　ステーのみ'),
('060055',0,0,0,0,NULL,'270311Z005',6,'33','ミラー（右）',NULL,1,'',3,'','PDG-CYJ77W8','','','','','',NULL,NULL,'','','','','','ステー擦り傷有　カプラ6P'),
('060056',0,0,0,0,NULL,'270311Z007',6,'28','フロントパネル',NULL,2,'',3,'2004','KS-FR1EXW','FR1EXW-10509','','','','',NULL,NULL,'','','','','','インナーパネルメッキ　小ヘコミ有'),
('060057',0,0,0,0,NULL,'270311Z008',6,'33','ミラー（左）',NULL,2,'',3,'2007','BDG-FW1EZY','FW1EZY','','','','',NULL,NULL,'','','','','','サイドアンダミラーカバー欠品'),
('060058',0,0,0,0,NULL,'270311Z009',6,'33','ミラー（右）',NULL,2,'',3,'2004','KS-FR1EXW','FR1EXW-10509','','','','',NULL,NULL,'','','','','',''),
('060059',0,0,0,0,NULL,'270311Z010',6,'33','ミラー（右）',NULL,3,'',3,'2005','PJ-FS50JVZ','FS50JVZ-530243','','','','',NULL,NULL,'','','','','','メッキカバー付　カプラ8P'),
('060060',0,0,0,0,NULL,'270312X001',6,'27','ヘッドライト（右）',NULL,1,'',1,'2006','PA-NKR81','NKR81-7035027','','','','',NULL,NULL,'','','','','','レベライザー付　ステー付'),
('060061',0,0,0,0,NULL,'270312X002',6,'27','ヘッドライト（左）',NULL,1,'',1,'2006','PA-NKR81','NKR81-7035027','','','','',NULL,NULL,'','','','','','レベライザー付　ステー付'),
('060062',0,0,0,0,NULL,'270312X003',6,'32','コーナーランプ（右）',NULL,1,'',1,'2006','PA-NKR81','NKR81-7035027','','','','',NULL,NULL,'','','','','',''),
('060063',0,0,0,0,NULL,'270312X005',6,'27','ヘッドライト（右）',NULL,1,'',1,'','KC-NKR','','','','','',NULL,NULL,'','','','','','フォグランプ付　フォグランプ黄色'),
('060064',0,0,0,0,NULL,'270312X006',6,'27','ヘッドライト（左）',NULL,1,'',1,'','KC-NKR','','','','','',NULL,NULL,'','','','','','フォグランプ付　フォグランプ黄色'),
('060065',0,0,0,0,NULL,'270312Y001',6,'27','ヘッドライト（右）',NULL,1,'',2,'2006','ADG-FRR90L3','FRR90L3-7000661','','','','',NULL,NULL,'','','','','','レベライザー付　フォグランプなし　ハロゲン'),
('060066',0,0,0,0,NULL,'270312Y002',6,'27','ヘッドライト（左）',NULL,1,'',2,'2006','ADG-FRR90L3','FRR90L3-7000661','','','','',NULL,NULL,'','','','','','レベライザー付　フォグランプなし　ハロゲン'),
('060067',0,0,0,0,NULL,'270312Y004',6,'27','ヘッドライト（左）',NULL,3,'',2,'2001','KK-FK71HJ','FK71HJ-750997','','','','',NULL,NULL,'','','','','','ディスチャージ　MK405001　24V（85V35W）　X6T02281　5930'),
('060068',0,0,0,0,NULL,'270312Y005',6,'31','コーナーパネル（右）',NULL,3,'',2,'','PA-FK','','','','','',NULL,NULL,'','','','','',''),
('060069',0,0,0,0,NULL,'270312Y006',6,'31','コーナーパネル（左）',NULL,3,'',2,'','PA-FK','','','','','',NULL,NULL,'','','','','',''),
('060070',0,0,0,0,NULL,'270312Z001',6,'27','ヘッドライト（左）',NULL,1,'',3,'2003','KL-CYJ23W3','CYJ23W3-3000188','','','','',NULL,NULL,'','','','','','レベライザー付　ステー付　ハロゲン'),
('060071',0,0,0,0,NULL,'270312Z002',6,'27','ヘッドライト（右）',NULL,1,'',3,'','KL-CYL','','','','','',NULL,NULL,'','','','','','レベライザー付　ステー付　ハロゲン'),
('060072',0,0,0,0,NULL,'270312Z003',6,'27','ヘッドライト（右）',NULL,1,'',3,'2006','PDG-CYJ77W8','CYJ77W8-7003421','','','','',NULL,NULL,'','','','','','ディスチャージ　ステー付　ステーサビ有'),
('060073',0,0,0,0,NULL,'270312Z004',6,'27','ヘッドライト（左）',NULL,1,'',3,'2008','PDG-CYJ77W8','CYJ77W8-7003421','','','','',NULL,NULL,'','','','','','ディスチャージ　ステー付'),
('060074',0,0,0,0,NULL,'270312Z005',6,'27','ヘッドライト（右）',NULL,2,'',3,'2006','KS-FR','','','','','',NULL,NULL,'','','','','','ディスチャージ　ステー付　39000-35015　W3T10972　7924　カプラ8P'),
('060075',0,0,0,0,NULL,'270312Z006',6,'27','ヘッドライト（左）',NULL,2,'',3,'','KS-FR','','','','','',NULL,NULL,'','','','','','ディスチャージ　ステー付　39000-35015　W3T10972　5314　カプラ8P'),
('060076',0,0,0,0,NULL,'270312Z007',6,'32','コーナーランプ（右）',NULL,2,'',3,'2004','KS-FR1EXW','FR1EXW-10509','','','','',NULL,NULL,'','','','','',''),
('060077',0,0,0,0,NULL,'270312Z008',6,'32','コーナーランプ（左）',NULL,2,'',3,'2004','KS-FR1EXW','FR1EXW-10509','','','','',NULL,NULL,'','','','','',''),
('060078',0,0,0,0,NULL,'270312Z009',6,'31','コーナーパネル',NULL,2,'',3,'2004','KS-FR1EXW','FR1EXW-10509','','','','',NULL,NULL,'','','','','',''),
('060079',0,0,0,0,NULL,'270312Z010',6,'31','コーナーパネル',NULL,2,'',3,'2004','KS-FR1EXW','FR1EXW-10509','','','','',NULL,NULL,'','','','','',''),
('060080',0,0,0,0,NULL,'270312Z011',6,'25','ドア（右）',NULL,2,'',3,'2004','KS-FR1EXW','FR1EXW-10509','','','','',NULL,NULL,'','','','','','カプラメス8P　8P'),
('060081',0,0,0,0,NULL,'270313X001',6,'29','ドライバーシート',NULL,3,'',1,'2004','PA-FE70','FE70','','','','',NULL,NULL,'','','','','','ビニールタイプ　カプラ2P　後部破れ小'),
('060082',0,0,0,0,NULL,'270313Y003',6,'29','ドライバーシート',NULL,2,'',2,'2007','ADG-FD7JLW','FD7JLW-13230','','','','',NULL,NULL,'','','','','','エアサスタイプ　後部破れ小'),
('060083',0,0,0,0,NULL,'270313Z002',6,'29','ドライバーシート',NULL,3,'',3,'','KL-FU','','','','','',NULL,NULL,'','','','','','エアサスタイプ　後部シート破れ小'),
('060084',0,0,0,0,NULL,'270314X003',6,'25','ドア（右）',NULL,1,'',1,'2004','PA-NPR81','NPR81-7001017','','','','',NULL,NULL,'','','','','ハイルーフ','カプラメス8P　表面擦り傷有'),
('060085',0,0,0,0,NULL,'270314X004',6,'26','フロントバンパー',NULL,1,'',1,'2013','SKG-NPR','','','','','',NULL,NULL,'','','','','','ワイド用'),
('060086',0,0,0,0,NULL,'270314Y002',6,'26','フロントバンパー',NULL,1,'',2,'','TKG-FRR90','','','','','',NULL,NULL,'','','','','','ワイド用　新車外し　スポイラー付'),
('060087',0,0,0,0,NULL,'270314Z001',6,'25','ドア（右）',NULL,1,'',3,'','KC-CYM','','','','','',NULL,NULL,'','','','','','カプラ7P 6P'),
('060088',0,0,0,0,NULL,'270314Z002',6,'25','ドア（右）',NULL,1,'',3,'2010','PDG-CYJ77W8','CYJ77W8-7005099','','','','',NULL,NULL,'','','','','','カプラ7P 6P'),
('060089',0,0,0,0,NULL,'270314Z003',6,'25','ドア（左）',NULL,1,'',3,'2012','PDG-CYJ77A','CYJ77A-7004394','','','','',NULL,NULL,'','','','','','カプラ8P'),
('060090',0,0,0,0,NULL,'270314Z004',6,'35','フェンダー（左）',NULL,1,'',3,'2008','PDG-CYJ77W8','','','','','',NULL,NULL,'','','','','','ベッド付用'),
('060091',0,0,0,0,NULL,'270314Z005',6,'35','フェンダー（右）',NULL,1,'',3,'2003','KL-CYL','','','','','',NULL,NULL,'','','','','','表面擦り傷有　裏取付部ヒビ有'),
('060092',0,0,0,0,NULL,'270314Z007',6,'35','フェンダー（右）',NULL,2,'',3,'2004','KS-FR1EXW','FR1EXW-10509','','','','',NULL,NULL,'','','','','',''),
('070001',0,0,0,0,NULL,'280113X004',7,'39','A/Cコンプレッサー',NULL,1,'',1,'2006','PB-NKR81AD','NKR81-7058235','','','','',NULL,NULL,'','','','','','ゼクセル製　DKS-15D　506211-9720　687B389040　8973204031　506012-2310'),
('070002',0,0,0,0,NULL,'271207H003',7,'39','A/Cコンプレッサー',NULL,3,'',1,'2007','PA-FE82DEV','FE82DEV-523042','','','','',NULL,NULL,'','','','','','純正部品番号　MK512827'),
('070003',0,0,0,0,NULL,'271207H002',7,'38','オルタネーター',NULL,3,'',1,'2007','PA-FE82DEV','FE82DEV-523042','','','','',NULL,NULL,'','','','','','純正部品番号　ME222848　品番A3TR5193ZT　24V40A　6922'),
('070004',0,0,0,0,NULL,'271207H001',7,'37','セルモーター',NULL,3,'',1,'2007','PA-FE82DEV','FE82DEV-523042','','','','',NULL,NULL,'','','','','','純正部品番号　ME221562　品番　M008T85271B'),
('070005',0,0,0,0,NULL,'271130H007',7,'40','A/Cコンデンサ',NULL,3,'',1,'2007','PA-FE82DEV','FE82DEV-523042','','','','',NULL,NULL,'','','','','','CDC311B071　13ZT'),
('070006',0,0,0,0,NULL,'271218X001',7,'42','ワイパーモーター',NULL,1,'',1,'2001','KK-NHR69E','NHR69E-7445868','','','','',NULL,NULL,'','','','','','12V用　点検済　P.No.897216347　WM-21225-2S'),
('070007',0,0,0,0,NULL,'280113X003',7,'37','セルモーター',NULL,1,'',1,'2006','PB-NKR81AD','NKR81-7058235','','','','',NULL,NULL,'','','','','','日立製898222-0180　S25-515C　24V　542　交換歴有'),
('070008',0,0,0,0,NULL,'280113X002',7,'38','オルタネーター',NULL,1,'',1,'2006','PB-NKR81AD','NKR81-7058235','','','','',NULL,NULL,'','','','','','日立製897351-5720　LR250-517　24V50A Vベルト　ポンプ付'),
('070009',0,0,0,0,NULL,'280113X001',7,'44','ECU',NULL,1,'',1,'2006','PB-NKR81AD','NKR81-7058235','','','','',NULL,NULL,'','','','','','8980336140　11　1027-D310　68040009S'),
('070010',0,0,0,0,NULL,'271116H002',7,'37','セルモーター',NULL,1,'',1,'2005','PA-NPR81N','NPR81-7011073','','','','',NULL,NULL,'','','','','','日立製　S25-505G-MR　純正部品番号8973239352　24V　　点検済'),
('070011',0,0,0,0,NULL,'270808X001',7,'42','ウイングモーター',NULL,1,'',1,'2005','PB-NPR81AN','NPR81-7010601','','','','',NULL,NULL,'','','','','','日本フルハーフ　図番A-58956032　型式1915-878-07　　　　　　　　パワーユニット　永興電機工業製'),
('070012',0,0,0,0,NULL,'270731Z002',7,'38','オルタネーター',NULL,1,'',3,'2009','PDG-CYL77V8','CYL77V8-7003022','','','','',NULL,NULL,'','','','','','898013-6153　A4TU8191　24V50A'),
('070013',0,0,0,0,NULL,'270731Z001',7,'37','セルモーター',NULL,1,'',3,'2009','PDG-CYL77V8','CYL77V8-7003022','','','','',NULL,NULL,'','','','','','RL M009T62371RL 3製'),
('070014',0,0,0,0,NULL,'270721Y007',7,'44','ECU',NULL,3,'',2,'2006','PA-FK71R','FK71R-701591','','','','',NULL,NULL,'','','','','','4M50用　210　ME226317　407920-1654'),
('070015',0,0,0,0,NULL,'270716Z002',7,'44','ECU',NULL,1,'',3,'2011','LKG-CYJ77A','CYJ77A-7002602','','','','',NULL,NULL,'','','','','','6UZ1用　8981829150　01'),
('070016',0,0,0,0,NULL,'270716Z001',7,'44','ECU',NULL,2,'',3,'2007','ADG-SH1EGX','','','','','',NULL,NULL,'','','','','','E13C用　89661-E0010　275800-4211'),
('070017',0,0,0,0,NULL,'270513Z004',7,'38','オルタネーター',NULL,1,'',3,'2010','PDG-CYJ77W8','CYJ77W8-7005099','','','','',NULL,NULL,'','','','','','純正品番898013-6153　品番A4TU8191　24V50A'),
('070018',0,0,0,0,NULL,'270513Z003',7,'37','セルモーター',NULL,1,'',3,'2010','PDG-CYJ77W8','CYJ77W8-7005099','','','','',NULL,NULL,'','','','','','純正品番181100-4322　品番M009T62371'),
('070019',0,0,0,0,NULL,'270513Z002',7,'38','オルタネーター',NULL,2,'',3,'2007','BDG-FW1EZY','FW1EZY-10439','','','','',NULL,NULL,'','','','','','純正品番27040-2380A　品番0201　172　0510　24V60A'),
('070020',0,0,0,0,NULL,'270513Z001',7,'37','セルモーター',NULL,2,'',3,'2007','BDG-FW1EZY','FW1EZY-10439','','','','',NULL,NULL,'','','','','','純正品番28100-2865C　品番0365　602　0018　24V6ｋｗ'),
('070021',0,0,0,0,NULL,'270427Z004',7,'37','セルモーター',NULL,1,'',3,'2004','KL-CYJ23W4','CYJ23W4-7000011','','','','',NULL,NULL,'','','','','','品番M009T-61871　1品番181100-4250　3製24V'),
('070022',0,0,0,0,NULL,'270427Z003',7,'38','オルタネーター',NULL,1,'',3,'2004','KL-CYJ23W4','CYJ23W4-7000011','','','','',NULL,NULL,'','','','','','品番A4TU4986　1品番181200-5223　24V50A'),
('070023',0,0,0,0,NULL,'270313Y001',7,'38','オルタネーター',NULL,1,'',2,'2003','KK-FRR35H3S','FRR35H3S-7000073','','','','',NULL,NULL,'','','','','','181200-5983　A4TU5991　24V50A　3123'),
('070024',0,0,0,0,NULL,'270313Y002',7,'37','セルモーター',NULL,1,'',2,'2003','KK-FRR35H3S','FRR35H3S-7000073','','','','',NULL,NULL,'','','','','','181100-4142　M008T60971　24V'),
('070025',0,0,0,0,NULL,'270316Z001',7,'38','オルタネーター',NULL,1,'',3,'1997','KC-CXH81U2','CXH81U2-3000241','','','','',NULL,NULL,'','','','','','品番1-812000-470-3　0-35000-3962　24V50A'),
('070026',0,0,0,0,NULL,'270316Z002',7,'37','セルモーター',NULL,1,'',3,'1997','KC-CXH81U2','CXH81U2-3000241','','','','',NULL,NULL,'','','','','','品番1-81100-305-0　0-23000-7400　24V8.0kw'),
('080001',0,0,0,0,NULL,'271202Z001',8,'45','スペアタイヤ吊り',NULL,NULL,'',NULL,'','','','','','','',NULL,NULL,'','','','','','ISO10穴ホイール用'),
('080002',0,0,0,0,NULL,'271130X001',8,'45','バッテリーケース',NULL,3,'',1,'2007','PA-FE82DEV','FE82DEV-523042','','','','',NULL,NULL,'','','','','',''),
('080003',0,0,0,0,NULL,'271116Z001',8,'48','リアバンパー',NULL,3,'',1,'2012','TKG-FEB50','FEB50-510705','','','','',NULL,NULL,'','','','','','幅180?B　刻印LBF6'),
('080004',0,0,0,0,NULL,'270716Z006',8,'46','燃料タンク',NULL,1,'',3,'','','','','','','',NULL,NULL,'','','','','','1-22401-029-0　下部ヘコミ有　傷有'),
('080005',0,0,0,0,NULL,'270716Z005',8,'46','燃料タンク',NULL,NULL,'',NULL,'','','','','','','',NULL,NULL,'','','','','','200L末吉製　幅1050　高さ395　奥行530'),
('080006',0,0,0,0,NULL,'270716Z004',8,'46','燃料タンク',NULL,NULL,'',NULL,'','','','','','','',NULL,NULL,'','','','','','C200SS　幅800　高さ435　奥行650'),
('080007',0,0,0,0,NULL,'270716Z003',8,'45','アドブルータンク',NULL,1,'',3,'2011','LKG-CYJ77A','CYJ77A-7002602','','','','',NULL,NULL,'','','','','','8981853350　フィルターセット8980863252'),
('080008',0,0,0,0,NULL,'270714Z006',8,'49','コボレーンモーター',NULL,NULL,'',NULL,'','','','','','','',NULL,NULL,'','','','','','田村総業製　右用　動作チェック済　20R'),
('080009',0,0,0,0,NULL,'270714Z005',8,'49','コボレーンモーター',NULL,NULL,'',NULL,'','','','','','','',NULL,NULL,'','','','','','田村総業製　左用　動作チェック済　20L'),
('080010',0,0,0,0,NULL,'270310Z001',8,'50','ダルマジャッキ',NULL,NULL,'',NULL,'','','','','','','',NULL,NULL,'','','','','','2t用ダルマジャッキ　TYPE　NP-2　CAP2ton'),
('080011',0,0,0,0,NULL,'270310Z002',8,'50','ダルマジャッキ',NULL,NULL,'',NULL,'','','','','','','',NULL,NULL,'','','','','','4t用ダルマジャッキ　TYPE　NP-4　CAP4ton'),
('080012',0,0,0,0,NULL,'270310Z003',8,'50','ダルマジャッキ',NULL,NULL,'',NULL,'','','','','','','',NULL,NULL,'','','','','','大型用ダルマジャッキ　TYPE　NP-15　CAP15ton　　　　　　　　本体塗装剥がれ部分有'),
('080013',0,0,0,0,NULL,'270310Z004',8,'50','ダルマジャッキ',NULL,NULL,'',NULL,'','','','','','','',NULL,NULL,'','','','','','大型低床用ダルマジャッキ　TYPE　HPB-15　CAP15ton　　　本体小傷有'),
('080014',0,0,0,0,NULL,'270310Z005',8,'50','ダルマジャッキ',NULL,NULL,'',NULL,'','','','','','','',NULL,NULL,'','','','','','大型用ダルマジャッキ　TYPE　HP15I　CAP15ton　　　　　　　本体塗装剥がれ部分有'),
('080015',0,0,0,0,NULL,'270310Z006',8,'50','セイコーラック',NULL,NULL,'',NULL,'','','','','','','',NULL,NULL,'','','','','','AM21520H　中央製機　19Z5'),
('080016',0,0,0,0,NULL,'270310Z007',8,'50','ホイール',NULL,NULL,'',NULL,'','','','','','','',NULL,NULL,'','','','','','ISO10穴ホイール　DE2N-162-13S　335VO　TOPY10P14'),
('080017',0,0,0,0,NULL,'270310Z008',8,'48','リアバンパー',NULL,1,'',1,'2012','','NPR85Y-7002396','','','','',NULL,NULL,'','','','','','D8P　本体・サイドカバー傷有　反射板欠品'),
('080018',0,0,0,0,NULL,'270313Z003',8,'47','工具箱',NULL,NULL,'',NULL,'','','','','','','',NULL,NULL,'','','','','','ステンレス製　ステー付　長さ750　奥行450　高さ450')
;
/*}}}*/


-- containers 確認 /*{{{*/
SELECT * FROM `containers`;
/*}}}*/

-- containers テーブル作成 /*{{{*/
DESC `containers`;
DROP TABLE `containers`;
CREATE TABLE IF NOT EXISTS `containers` (
  `id` INT(11) NOT NULL AUTO_INCREMENT,
  `product_id` VARCHAR(7) NOT NULL,
  `new_flag` TINYINT(1) NOT NULL DEFAULT 0,
  `deal_flag` TINYINT(1) NOT NULL DEFAULT 0,
  `soldout_flag` TINYINT(1) NOT NULL DEFAULT 0,
  `recommend_flag` TINYINT(1) NOT NULL DEFAULT 0,
  `icon_date` VARCHAR(12) NULL,
  `ref_id` VARCHAR(16) NULL,
  `name` VARCHAR(255) NOT NULL,
  `price` INT(11) NULL,
  `size_id` INT(1) NOT NULL,
  `shape` VARCHAR(45) NULL,
  `floor` VARCHAR(45) NULL,
  `dimension` VARCHAR(255) NULL,
  `description` TEXT NULL,
  PRIMARY KEY (`id`))
ENGINE = InnoDB
/*}}}*/

-- containers レコード挿入 /*{{{*/
TRUNCATE `containers`;
INSERT INTO `containers` (
  `product_id`,
  `new_flag`,
  `deal_flag`,
  `soldout_flag`,
  `recommend_flag`,
  `icon_date`,
  `ref_id`,
  `name`,
  `price`,
  `size_id`,
  `shape`,
  `floor`,
  `dimension`,
  `description`
) VALUES
(120001,1,0,0,1,'2016/06',85,'85番 4tアルミバン　扉ゲートタイプ',NULL,2,'アルミバン','木','長さ5370　幅2380　高さ2260','カギ付　扉ゲートタイプ'),
(120002,1,0,0,0,'2016/05',84,'84番 4t標準アルミバン　横扉付',NULL,2,'アルミバン','木','長さ5480　幅2180　高さ2140','横扉付き'),
(120003,0,0,1,0,'',83,'83番 2t標準　保冷バン　横扉付',NULL,1,'保冷バン','ステンレス','長さ2980　幅1540　高さ1050','横扉付き'),
(120004,0,0,0,1,'',64,'64番 4t標準　保冷バン',NULL,2,'保冷バン','アルミ','長さ5910　幅2120　高さ2150',''),
(120005,0,0,0,1,'',62,'62番 2t標準　保冷バン　横扉付',NULL,1,'保冷バン','アルミ','長さ3880　幅1520　高さ1940','横扉付き')
;
/*}}}*/


-- mountings 確認 /*{{{*/
SELECT * FROM `mountings`;
/*}}}*/

-- mountings テーブル作成 /*{{{*/
DESC `mountings`;
DROP TABLE `mountings`;
CREATE TABLE IF NOT EXISTS `mountings` (
  `id` INT(11) NOT NULL AUTO_INCREMENT,
  `product_id` VARCHAR(7) NOT NULL,
  `new_flag` TINYINT(1) NOT NULL DEFAULT 0,
  `deal_flag` TINYINT(1) NOT NULL DEFAULT 0,
  `soldout_flag` TINYINT(1) NOT NULL DEFAULT 0,
  `recommend_flag` TINYINT(1) NOT NULL DEFAULT 0,
  `icon_date` VARCHAR(12) NULL,
  `ref_id` VARCHAR(16) NULL,
  `name` VARCHAR(255) NOT NULL,
  `price` INT(11) NULL,
  `size_id` INT(1) NOT NULL,
  `shape` VARCHAR(45) NULL,
  `floor` VARCHAR(45) NULL,
  `dimension` VARCHAR(255) NULL,
  `description` TEXT NULL,
  PRIMARY KEY (`id`))
ENGINE = InnoDB
/*}}}*/

-- mountings レコード挿入 /*{{{*/
TRUNCATE `mountings`;
INSERT INTO `mountings` (
  `product_id`,
  `new_flag`,
  `deal_flag`,
  `soldout_flag`,
  `recommend_flag`,
  `icon_date`,
  `ref_id`,
  `name`,
  `price`,
  `size_id`,
  `shape`,
  `floor`,
  `dimension`,
  `description`
) VALUES
(130001,1,0,0,1,'',1007,'1007番　2tワイド用平ボデー',NULL,1,'平ボデー','木','長さ3510　幅2080　高さ380','新車取外しボデー　8974155971　8974676790　　　　ネタ外744　内671　NPR85Yから取外し　　　　　　　　　　　　　　　サイドバンパー、リアフェンダー、Uボルトセット'),
(130002,0,0,0,0,'',1006,'1006番　2tワイドロング　アルミ平ボデー',NULL,1,'平ボデー','木','長さ4350　幅2070　高さ385','ネタ　外約848?@　内約738?@　鳥居高さ約1344?@　　　　　　　　　　　　　サイドバンパー、フェンダー付　現状渡し　　　　　　　　　　　　　　8975924541　8975917420'),
(130003,0,0,0,0,'',2004,'2004番　4tロング　アルミウイング',NULL,2,'アルミウイング','木','長さ7220　幅2230　高さ2430','門高2330　門幅2100　各部ヘコミ有　日本フルハーフ製　　ばた板800　セイコーラック1対　ラッシング1段'),
(130004,0,0,0,0,'',1003,'1003番　2t標準　平ボデー',NULL,1,'平ボデー','木','長さ3120　幅1610　高さ380','新車外し　縦ネタなし　三菱キャンターから取外し'),
(130005,0,0,0,0,'',1005,'1005番　2t標準　平ボデー',NULL,1,'平ボデー','木','長さ3120　幅1610　高さ390','新車外し　縦ネタなし　パブコ製　BA15 1274 0104')
;
/*}}}*/


-- vehicles_categories 確認 /*{{{*/
SELECT * FROM `vehicles_categories`;
/*}}}*/

-- vehicles_categories テーブル作成 /*{{{*/
DESC `vehicles_categories`;
DROP TABLE `vehicles_categories`;
CREATE TABLE IF NOT EXISTS `vehicles_categories` (
  `id` INT(2) NOT NULL AUTO_INCREMENT,
  `name` VARCHAR(30) NULL,
  PRIMARY KEY (`id`))
ENGINE = InnoDB
/*}}}*/

-- vehicles_categories レコード挿入 /*{{{*/
TRUNCATE `vehicles_categories`;
INSERT INTO `vehicles_categories` (
  `name`
) VALUES 
('ウイングバン'),
('トラクタ'),
('平ボデー/クレーン'),
('保冷 /冷凍車'),
('ダンプ/ミキサー'),
('その他/特装車')
;
/*}}}*/


-- parts_categories 確認 /*{{{*/
SELECT * FROM `parts_categories`;
/*}}}*/

-- parts_categories テーブル作成 /*{{{*/
DESC `parts_categories`;
DROP TABLE `parts_categories`;
CREATE TABLE IF NOT EXISTS `parts_categories` (
  `id` INT(2) NOT NULL AUTO_INCREMENT,
  `name` VARCHAR(30) NULL,
  PRIMARY KEY (`id`))
ENGINE = InnoDB
/*}}}*/

-- parts_categories レコード挿入 /*{{{*/
TRUNCATE `parts_categories`;
INSERT INTO `parts_categories` (
  `name`
) VALUES 
('エンジン関連'),
('ミッション関連'),
('デフ関連'),
('走行関連'),
('キャビン本体'),
('キャビン関連'),
('電装関連'),
('その他架装物関連')
;
/*}}}*/


-- parts_sub_categories 確認 /*{{{*/
SELECT `id`,`parts_category_id` AS `pro`,`name` FROM `parts_sub_categories`;
/*}}}*/

-- parts_sub_categories テーブル作成 /*{{{*/
DESC `parts_sub_categories`;
DROP TABLE `parts_sub_categories`;
CREATE TABLE IF NOT EXISTS `parts_sub_categories` (
  `id` INT(3) NOT NULL AUTO_INCREMENT,
  `parts_category_id` INT(2) NOT NULL,
  `name` VARCHAR(30) NULL,
  PRIMARY KEY (`id`))
ENGINE = InnoDB
/*}}}*/

-- parts_sub_categories レコード挿入 /*{{{*/
TRUNCATE `parts_sub_categories`;
INSERT INTO `parts_sub_categories` (
  `parts_category_id`,
  `name`
) VALUES 
(1,'エンジンay'),
(1,'マフラー'),
(1,'ラジエター'),
(1,'インタークーラー'),
(1,'その他'),
(2,'マニュアルミッション'),
(2,'セミオートマミッション'),
(2,'オートマチックミッション'),
(2,'その他'),
(3,'Rデフ'),
(3,'RFデフ'),
(3,'RRデフ'),
(3,'Rホーシング'),
(3,'RFホーシング'),
(3,'RRホーシング'),
(3,'プロペラシャフト'),
(3,'その他'),
(4,'フロントアクスル'),
(4,'スプリング'),
(4,'ギヤボックス'),
(4,'デッドアクスル'),
(4,'キャビンay'),
(4,'ブラケット類'),
(4,'その他'),
(6,'ドア'),
(6,'フロントバンパー'),
(6,'ヘッドライト'),
(6,'フロントパネル'),
(6,'シート'),
(6,'フロントグリル'),
(6,'コーナーパネル'),
(6,'コーナーランプ'),
(6,'ミラー'),
(6,'ステップ'),
(6,'フェンダー'),
(6,'その他'),
(7,'セルモーター'),
(7,'オルタネーター'),
(7,'A/Cコンプレッサー'),
(7,'A/Cコンデンサ'),
(7,'メーター関連'),
(7,'モーター関連'),
(7,'ラジオ'),
(7,'コンピューター関連'),
(7,'その他'),
(8,'燃料タンク'),
(8,'工具箱'),
(8,'リアバンパー'),
(8,'コボレーンモーター'),
(8,'その他')
;
/*}}}*/


-- makers 確認 /*{{{*/
SELECT * FROM `makers`;
/*}}}*/

-- makers レコード挿入 /*{{{*/
DESC `makers`;
DROP TABLE `makers`;
CREATE TABLE IF NOT EXISTS `makers` (
  `id` INT(1) NOT NULL AUTO_INCREMENT,
  `name` VARCHAR(4) NULL,
  PRIMARY KEY (`id`))
ENGINE = InnoDB
/*}}}*/

-- makers レコード挿入 /*{{{*/
TRUNCATE `makers`;
INSERT INTO `makers` (
  `id`,
  `name`
) VALUES 
(1, 'いすゞ'),
(2, '日野'),
(3, '三菱'),
(4, '日産UD'),
(5, 'マツダ')
;
/*}}}*/


-- sizes 確認 /*{{{*/
SELECT * FROM `sizes`;
/*}}}*/

-- sizes レコード作成 /*{{{*/
DESC `sizes`;
DROP TABLE `sizes`;
CREATE TABLE IF NOT EXISTS `sizes` (
  `id` INT(1) NOT NULL AUTO_INCREMENT,
  `name` VARCHAR(4) NULL,
  PRIMARY KEY (`id`))
ENGINE = InnoDB
/*}}}*/

-- sizes レコード挿入 /*{{{*/
TRUNCATE `sizes`;
INSERT INTO `sizes` (
  `id`,
  `name`
) VALUES 
(1, '小'),
(2, '中'),
(3, '大')
;
/*}}}*/


-- images 確認 /*{{{*/
SELECT * FROM `images`;
select * from `images` where `ref_id` in ('280330B', '280220A');
/*}}}*/

-- images テーブル作成 /*{{{*/
DESC `images`;
DROP TABLE `images`;
CREATE TABLE IF NOT EXISTS `images` (
  `id` INT(11) NOT NULL AUTO_INCREMENT,
  `category_id` INT(2) NOT NULL,
  `ref_id` VARCHAR(16) NULL,
  `path` VARCHAR(30) NOT NULL,
  PRIMARY KEY (`id`))
ENGINE = InnoDB
/*}}}*/

-- images レコード挿入 /*{{{*/
TRUNCATE `images`;
INSERT INTO `images` (
    `category_id`,
    `ref_id`,
    `path`
) VALUES
('1','280330B','042/001'),
('1','280330B','042/002'),
('1','280330B','042/003'),
('1','280330B','042/004'),
('1','280330B','042/005'),
('1','280330B','042/006'),
('1','280330B','042/007'),
('1','280330B','042/008'),
('1','280330B','042/009'),
('1','280330B','042/010'),
('1','280330B','042/011'),
('1','280330B','042/012'),
('1','280330B','042/013'),
('1','280330B','042/014'),
('1','280330B','042/015'),
('1','280330B','042/016'),
('1','280330B','042/017'),
('1','280330B','042/018'),
('1','280330B','042/019'),
('1','280330B','042/020'),
('1','280330B','042/021'),
('1','280330B','042/022'),
('1','280330B','042/023'),
('1','280330B','042/024'),
('1','280330B','042/025'),
('1','280330B','042/026'),
('1','280220A','041/001'),
('1','280220A','041/002'),
('1','280220A','041/003'),
('1','280220A','041/004'),
('1','280220A','041/005'),
('1','280220A','041/006'),
('1','280220A','041/007'),
('1','280220A','041/008'),
('1','280220A','041/009'),
('1','280220A','041/010'),
('1','280220A','041/011'),
('1','280220A','041/012'),
('1','280220A','041/013'),
('1','280220A','041/014'),
('1','280220A','041/015'),
('1','280220A','041/016'),
('1','280220A','041/017'),
('1','280220A','041/018'),
('1','280220A','041/019'),
('1','280220A','041/020'),
('1','280220A','041/021'),
('1','280220A','041/022'),
('1','280220A','041/023'),
('1','280220A','041/024'),
('1','280220A','041/025'),
('1','280220A','041/026'),
('1','280220A','041/027'),
('1','280220A','041/028'),
('1','280220A','041/029'),
('1','280220A','041/030'),
('2','280113X006','025/001'),
('2','280113X006','025/002'),
('2','280113X006','025/003'),
('2','280113X006','025/004'),
('2','280113X006','025/005'),
('2','280113X006','025/006'),
('2','280113X006','025/007'),
('2','280113X006','025/008'),
('2','280113X006','025/009'),
('2','280113X006','025/010'),
('2','280113X006','025/011'),
('2','280113X006','025/012'),
('2','280113X006','025/013'),
('2','280113X005','024/001'),
('2','280113X005','024/002'),
('2','280113X005','024/003'),
('2','280113X005','024/004'),
('2','280113X005','024/005'),
('2','280113X005','024/006'),
('2','280113X005','024/007'),
('2','280113X005','024/008'),
('2','280113X005','024/009'),
('2','280113X005','024/010'),
('2','280113J002','024/011'),
('2','280113J002','022/001'),
('2','280113J002','022/002'),
('2','280113J002','022/003'),
('2','280113J002','022/004'),
('2','280113J002','022/005'),
('2','280113J002','022/006'),
('2','280113J002','022/007'),
('2','280113J002','022/008'),
('2','280113J002','022/009'),
('2','280113J002','022/010'),
('2','280113J002','022/011'),
('2','280113J002','022/012'),
('2','280113J001','021/001'),
('2','280113J001','021/002'),
('2','280113J001','021/003'),
('2','280113J001','021/004'),
('2','280113J001','021/005'),
('2','280113J001','021/006'),
('2','280113J001','021/007'),
('2','280113J001','021/008'),
('2','280113J001','021/009'),
('2','280113J001','021/010'),
('2','280113J001','021/011'),
('2','280113J001','021/012'),
('2','280113J001','021/013'),
('2','280113J001','021/014'),
('2','280113J001','021/015'),
('2','280113J001','021/016'),
('2','280113J001','021/017'),
('2','280113J001','021/018'),
('2','280112H001','020/001'),
('2','280112H001','020/002'),
('2','280112H001','020/003'),
('2','280112H001','020/004'),
('2','280112H001','020/005'),
('2','280112H001','020/006'),
('2','280112H001','020/007'),
('2','280112H001','020/008'),
('2','280112H001','020/009'),
('2','280112H001','020/010'),
('2','280112H001','020/011'),
('2','280112H001','020/012'),
('2','280112H001','020/013'),
('2','280112H001','020/014'),
('2','280112H001','020/015'),
('2','280112H001','020/016'),
('2','280112H001','020/017'),
('2','280112H001','020/018'),
('2','280112H001','020/019'),
('2','280112H001','020/020'),
('2','271130H014','016/001'),
('2','271130H014','016/002'),
('2','271130H014','016/003'),
('2','271130H014','016/004'),
('2','271130H014','016/005'),
('2','271130H014','016/006'),
('2','271130H014','016/007'),
('2','271130H014','016/008'),
('2','271130H014','016/009'),
('2','271130H014','016/010'),
('2','271130H014','016/011'),
('2','271130H014','016/012'),
('2','271130H014','016/013'),
('2','271130H014','016/014'),
('2','271130H014','016/015'),
('2','271130H014','016/016'),
('2','271130H009','015/001'),
('2','271130H009','015/002'),
('2','271130H009','015/003'),
('2','271130H009','015/004'),
('2','271130H009','015/005'),
('2','271130H004','013/001'),
('2','271130H004','013/002'),
('2','271130H004','013/003'),
('2','271130H004','013/004'),
('2','271130H004','013/005'),
('2','271130H003','012/001'),
('2','271130H003','012/002'),
('2','271130H003','012/003'),
('2','271130H003','012/004'),
('2','271130H003','012/005'),
('2','271130H003','012/006'),
('2','271130H003','012/007'),
('2','271130H003','012/008'),
('2','271130H003','012/009'),
('2','271130H003','012/010'),
('2','271130H003','012/011'),
('2','271130H003','012/012'),
('2','271116X002','011/001'),
('2','271116X002','011/002'),
('2','271116X002','011/003'),
('2','271116X002','011/004'),
('2','271116X002','011/005'),
('2','271116X002','011/006'),
('2','271116X002','011/007'),
('2','271116H003','010/001'),
('2','271116H003','010/002'),
('2','271116H003','010/003'),
('2','271116H003','010/004'),
('2','271116H003','010/005'),
('2','271116H003','010/006'),
('2','271116H001','009/001'),
('2','271116H001','009/002'),
('2','271116H001','009/003'),
('2','271116H001','009/004'),
('2','271116H001','009/005'),
('2','271116H001','009/006'),
('2','271116H001','009/007'),
('2','271116H001','009/008'),
('2','271116H001','009/009'),
('2','271113H002','008/001'),
('2','271113H002','008/002'),
('2','271113H002','008/003'),
('2','271113H002','008/004'),
('2','271113H002','008/005'),
('2','271113H002','008/006'),
('2','270513J001','004/001'),
('2','270513J001','004/002'),
('2','270513J001','004/003'),
('2','270513J001','004/004'),
('2','270513J001','004/005'),
('2','270513J001','004/006'),
('2','270513J001','004/007'),
('2','270513J001','004/008'),
('2','270513J001','004/009'),
('2','270513J001','004/010'),
('2','270513J001','004/011'),
('2','270427J002','003/001'),
('2','270427J002','003/002'),
('2','270427J002','003/003'),
('2','270427J002','003/004'),
('2','270427J002','003/005'),
('2','270427J002','003/006'),
('2','270427J002','003/007'),
('2','270427J002','003/008'),
('2','270427J002','003/009'),
('2','270427J002','003/010'),
('2','270313I001','001/001'),
('2','270313I001','001/002'),
('2','270313I001','001/003'),
('2','270313I001','001/004'),
('2','270313I001','001/005'),
('2','270313I001','001/006'),
('2','270313I001','001/007'),
('2','270313I001','001/008'),
('2','270313I001','001/009'),
('2','270313I001','001/010'),
('2','270313I001','001/011'),
('2','270313I001','001/012'),
('2','270313I001','001/013'),
('2','270313I001','001/014'),
('2','280112I001','111/001'),
('2','280112I001','111/002'),
('2','280112I001','111/003'),
('2','280112I001','111/004'),
('2','280112I001','111/005'),
('2','280112I001','111/006'),
('2','280112I001','111/007'),
('2','280112I001','111/008'),
('2','280112I001','111/009'),
('2','280112I001','111/010'),
('2','280112I001','111/011'),
('2','280112I001','111/012'),
('2','280112I001','111/013'),
('2','280112I001','111/014'),
('2','280112I001','111/015'),
('2','280112I001','111/016'),
('2','280112I001','111/017'),
('2','280112I001','111/018'),
('2','280112I001','111/019'),
('2','280112I001','111/020'),
('2','280112I001','111/021'),
('2','280112I001','111/022'),
('2','280112I001','111/023'),
('2','280112I001','111/024'),
('2','280112H002','110/001'),
('2','280112H002','110/002'),
('2','280112H002','110/003'),
('2','280112H002','110/004'),
('2','280112H002','110/005'),
('2','280112H002','110/006'),
('2','280112H002','110/007'),
('2','280112H002','110/008'),
('2','280112H002','110/009'),
('2','280112H002','110/010'),
('2','280112H002','110/011'),
('2','280112H002','110/012'),
('2','280112H002','110/013'),
('2','280112H002','110/014'),
('2','280112H002','110/015'),
('2','280112H002','110/016'),
('2','280112H002','110/017'),
('2','280112H002','110/018'),
('2','280112H002','110/019'),
('2','280112H002','110/020'),
('2','280112H002','110/021'),
('2','280112H002','110/022'),
('2','271116I001','109/001'),
('2','271116I001','109/002'),
('2','271116I001','109/003'),
('2','271116I001','109/004'),
('2','271116I001','109/005'),
('2','271116I001','109/006'),
('2','271116I001','109/007'),
('2','271116I001','109/008'),
('2','271116I001','109/009'),
('2','271116I001','109/010'),
('2','271116I001','109/011'),
('2','271116I001','109/012'),
('2','271022I001','108/001'),
('2','271022I001','108/002'),
('2','271022I001','108/003'),
('2','271022I001','108/004'),
('2','271022I001','108/005'),
('2','271022I001','108/006'),
('2','271022I001','108/007'),
('2','271022I001','108/008'),
('2','271022I001','108/009'),
('2','271022I001','108/010'),
('2','271022I001','108/011'),
('2','271022I001','108/012'),
('2','271022I001','108/013'),
('2','271022I001','108/014'),
('2','271022I001','108/015'),
('2','270731J002','107/001'),
('2','270731J002','107/002'),
('2','270731J002','107/003'),
('2','270731J002','107/004'),
('2','270731J002','107/005'),
('2','270731J002','107/006'),
('2','270731J002','107/007'),
('2','270731J002','107/008'),
('2','270731J002','107/009'),
('2','270731J002','107/010'),
('2','270731J002','107/011'),
('2','270731J002','107/012'),
('2','270731J002','107/013'),
('2','270731J002','107/014'),
('2','270513J002','105/001'),
('2','270513J002','105/002'),
('2','270513J002','105/003'),
('2','270513J002','105/004'),
('2','270513J002','105/005'),
('2','270513J002','105/006'),
('2','270513J002','105/007'),
('2','270513J002','105/008'),
('2','270513J002','105/009'),
('2','270513J002','105/010'),
('2','270513J002','105/011'),
('2','270513J002','105/012'),
('2','270427J003','103/001'),
('2','270427J003','103/002'),
('2','270427J003','103/003'),
('2','270427J003','103/004'),
('2','270427J003','103/005'),
('2','270427J003','103/006'),
('2','270427J003','103/007'),
('2','270427J003','103/008'),
('2','270427J003','103/009'),
('2','270316I003','102/001'),
('2','270316I003','102/002'),
('2','270316I003','102/003'),
('2','270316I003','102/004'),
('2','270316I003','102/005'),
('2','270316I003','102/006'),
('2','270316I003','102/007'),
('2','270316I003','102/008'),
('2','270316I003','102/009'),
('2','280113J003','258/001'),
('2','280113J003','258/002'),
('2','280113J003','258/003'),
('2','280113J003','258/004'),
('2','280113J003','258/005'),
('2','280113J003','258/006'),
('2','280113J003','258/007'),
('2','280113J003','258/008'),
('2','280113J003','258/009'),
('2','280113J003','258/010'),
('2','280113J003','258/011'),
('2','280113J003','258/012'),
('2','280113J003','258/013'),
('2','280113H001','257/001'),
('2','280113H001','257/002'),
('2','280113H001','257/003'),
('2','280113H001','257/004'),
('2','280113H001','257/005'),
('2','280113H001','257/006'),
('2','280113H001','257/007'),
('2','280113H001','257/008'),
('2','280113H001','257/009'),
('2','280113H001','257/010'),
('2','280113H001','257/011'),
('2','280113H001','257/012'),
('2','280108I003','256/001'),
('2','280108I003','256/002'),
('2','280108I003','256/003'),
('2','280108I003','256/004'),
('2','280108I003','256/005'),
('2','280108I003','256/006'),
('2','280108I003','256/007'),
('2','280108I003','256/008'),
('2','280108I003','256/009'),
('2','280108I003','256/010'),
('2','280108I003','256/011'),
('2','280108I003','256/012'),
('2','280108I003','256/013'),
('2','280108I003','256/014'),
('2','280108I003','256/015'),
('2','280108I003','256/016'),
('2','280108I003','256/017'),
('2','280108I003','256/018'),
('2','280108I003','256/019'),
('2','280108I003','256/020'),
('2','280108I002','255/001'),
('2','280108I002','255/002'),
('2','280108I002','255/003'),
('2','280108I002','255/004'),
('2','280108I002','255/005'),
('2','280108I002','255/006'),
('2','280108I002','255/007'),
('2','280108I002','255/008'),
('2','280108I002','255/009'),
('2','280108I002','255/010'),
('2','280108I002','255/011'),
('2','280108I002','255/012'),
('2','280108I001','254/001'),
('2','280108I001','254/002'),
('2','280108I001','254/003'),
('2','280108I001','254/004'),
('2','280108I001','254/005'),
('2','280108I001','254/006'),
('2','280108I001','254/007'),
('2','280108I001','254/008'),
('2','280108I001','254/009'),
('2','280108H005','253/001'),
('2','280108H005','253/002'),
('2','280108H005','253/003'),
('2','280108H005','253/004'),
('2','280108H005','253/005'),
('2','280108H005','253/006'),
('2','280108H005','253/007'),
('2','280108H005','253/008'),
('2','280108H005','253/009'),
('2','280108H005','253/010'),
('2','280108H005','253/011'),
('2','280108H005','253/012'),
('2','280108H005','253/013'),
('2','280108H004','252/001'),
('2','280108H004','252/002'),
('2','280108H004','252/003'),
('2','280108H004','252/004'),
('2','280108H004','252/005'),
('2','280108H004','252/006'),
('2','280108H004','252/007'),
('2','280108H004','252/008'),
('2','280108H004','252/009'),
('2','280107I003','251/001'),
('2','280107I003','251/002'),
('2','280107I003','251/003'),
('2','280107I003','251/004'),
('2','280107I003','251/005'),
('2','280107I003','251/006'),
('2','280107I003','251/007'),
('2','280107I003','251/008'),
('2','280107I003','251/009'),
('2','280107I003','251/010'),
('2','280107I003','251/011'),
('2','280107I003','251/012'),
('2','280107I003','251/013'),
('2','280107I003','251/014'),
('2','280107I003','251/015'),
('2','280107I003','251/016'),
('2','280107I002','250/001'),
('2','280107I002','250/002'),
('2','280107I002','250/003'),
('2','280107I002','250/004'),
('2','280107I002','250/005'),
('2','280107I002','250/006'),
('2','280107I002','250/007'),
('2','280107I002','250/008'),
('2','280107I002','250/009'),
('2','280107I002','250/010'),
('2','280107I001','249/001'),
('2','280107I001','249/002'),
('2','280107I001','249/003'),
('2','280107I001','249/004'),
('2','280107I001','249/005'),
('2','280107I001','249/006'),
('2','280107I001','249/007'),
('2','280107I001','249/008'),
('2','280107I001','249/009'),
('2','280107I001','249/010'),
('2','280107I001','249/011'),
('2','280107I001','249/012'),
('2','280107H002','248/001'),
('2','280107H002','248/002'),
('2','280107H002','248/003'),
('2','280107H002','248/004'),
('2','280107H002','248/005'),
('2','280107H002','248/006'),
('2','280107H002','248/007'),
('2','280107H002','248/008'),
('2','280107H002','248/009'),
('2','280107H002','248/010'),
('2','280107H002','248/011'),
('2','280107H002','248/012'),
('2','280107H002','248/013'),
('2','280107H002','248/014'),
('2','280107H002','248/015'),
('2','280107H002','248/016'),
('2','280107H002','248/017'),
('2','280107H001','247/001'),
('2','280107H001','247/002'),
('2','280107H001','247/003'),
('2','280107H001','247/004'),
('2','280107H001','247/005'),
('2','280107H001','247/006'),
('2','280107H001','247/007'),
('2','280107H001','247/008'),
('2','280107H001','247/009'),
('2','280107H001','247/010'),
('2','280107H001','247/011'),
('2','280107H001','247/012'),
('2','280107H001','247/013'),
('2','280107H001','247/014'),
('2','271215J002','246/001'),
('2','271215J002','246/002'),
('2','271215J002','246/003'),
('2','271215J002','246/004'),
('2','271215J002','246/005'),
('2','271215J002','246/006'),
('2','271215J002','246/007'),
('2','271215J002','246/008'),
('2','271215J002','246/009'),
('2','271215J002','246/010'),
('2','271215J002','246/011'),
('2','271215J002','246/012'),
('2','271215J001','245/001'),
('2','271215J001','245/002'),
('2','271215J001','245/003'),
('2','271215J001','245/004'),
('2','271215J001','245/005'),
('2','271215J001','245/006'),
('2','271215J001','245/007'),
('2','271215J001','245/008'),
('2','271215J001','245/009'),
('2','271215H001','244/001'),
('2','271215H001','244/002'),
('2','271215H001','244/003'),
('2','271215H001','244/004'),
('2','271215H001','244/005'),
('2','271215H001','244/006'),
('2','271215H001','244/007'),
('2','271215H001','244/008'),
('2','271214J002','243/001'),
('2','271214J002','243/002'),
('2','271214J002','243/003'),
('2','271214J002','243/004'),
('2','271214J002','243/005'),
('2','271214J002','243/006'),
('2','271214J002','243/007'),
('2','271214J002','243/008'),
('2','271214J002','243/009'),
('2','271214J002','243/010'),
('2','271214J002','243/011'),
('2','271214J002','243/012'),
('2','271214J002','243/013'),
('2','271214J001','242/001'),
('2','271214J001','242/002'),
('2','271214J001','242/003'),
('2','271214J001','242/004'),
('2','271214J001','242/005'),
('2','271214J001','242/006'),
('2','271214J001','242/007'),
('2','271214J001','242/008'),
('2','271214J001','242/009'),
('2','271214J001','242/010'),
('2','271214J001','242/011'),
('2','271214J001','242/012'),
('2','271213J001','241/001'),
('2','271213J001','241/002'),
('2','271213J001','241/003'),
('2','271213J001','241/004'),
('2','271213J001','241/005'),
('2','271213J001','241/006'),
('2','271213J001','241/007'),
('2','271213J001','241/008'),
('2','271130H012','239/001'),
('2','271130H012','239/002'),
('2','271130H012','239/003'),
('2','271130H012','239/004'),
('2','271130H012','239/005'),
('2','271130H012','239/006'),
('2','271130H012','239/007'),
('2','271130H012','239/008'),
('2','271130H012','239/009'),
('2','271130H012','239/010'),
('2','271130H012','239/011'),
('2','271130H012','239/012'),
('2','271130H012','239/013'),
('2','271130H012','239/014'),
('2','271130H012','239/015'),
('2','271130H011','238/001'),
('2','271130H011','238/002'),
('2','271130H011','238/003'),
('2','271130H011','238/004'),
('2','271130H011','238/005'),
('2','271130H011','238/006'),
('2','271130H011','238/007'),
('2','271130H010','237/001'),
('2','271130H006','237/002'),
('2','271130H010','237/003'),
('2','271130H006','237/004'),
('2','271130H010','237/005'),
('2','271130H006','237/006'),
('2','271130H006','235/001'),
('2','271130H006','235/002'),
('2','271130H006','235/003'),
('2','271130H006','235/004'),
('2','271130H006','235/005'),
('2','271130H006','235/006'),
('2','271130H006','235/007'),
('2','271130H005','234/001'),
('2','271130H005','234/002'),
('2','271130H005','234/003'),
('2','271130H005','234/004'),
('2','271130H005','234/005'),
('2','271130H005','234/006'),
('2','271130H005','234/007'),
('2','271130H005','234/008'),
('2','271124H004','231/001'),
('2','271124H004','231/002'),
('2','271124H004','231/003'),
('2','271124H004','231/004'),
('2','271124H004','231/005'),
('2','271124H004','231/006'),
('2','271124H003','230/001'),
('2','271124H003','230/002'),
('2','271124H003','230/003'),
('2','271124H003','230/004'),
('2','271124H003','230/005'),
('2','271124H003','230/006'),
('2','271124H002','229/001'),
('2','271124H002','229/002'),
('2','271124H002','229/003'),
('2','271124H002','229/004'),
('2','271124H002','229/005'),
('2','271124H002','229/006'),
('2','271124H001','228/001'),
('2','271124H001','228/002'),
('2','271124H001','228/003'),
('2','271124H001','228/004'),
('2','271124H001','228/005'),
('2','271124H001','228/006'),
('2','271124H001','228/007'),
('2','271124H001','228/008'),
('2','271124H001','228/009'),
('2','271124H001','228/010'),
('2','271124H001','228/011'),
('2','271124H001','228/012'),
('2','271124H001','228/013'),
('2','271124H001','228/014'),
('2','271124H001','228/015'),
('2','271121H004','227/001'),
('2','271121H004','227/002'),
('2','271121H004','227/003'),
('2','271121H004','227/004'),
('2','271121H004','227/005'),
('2','271121H004','227/006'),
('2','271121H003','226/001'),
('2','271121H003','226/002'),
('2','271121H003','226/003'),
('2','271121H003','226/004'),
('2','271121H003','226/005'),
('2','271121H002','225/001'),
('2','271121H002','225/002'),
('2','271121H002','225/003'),
('2','271121H002','225/004'),
('2','271121H002','225/005'),
('2','271113H0012','223/001'),
('2','271113H0012','223/002'),
('2','271113H0012','223/003'),
('2','271113H0012','223/004'),
('2','271113H0012','223/005'),
('2','271113H0012','223/006'),
('2','271113H0012','223/007'),
('2','271113H0012','223/008'),
('2','270808H001','222/001'),
('2','270808H001','222/002'),
('2','270808H001','222/003'),
('2','270808H001','222/004'),
('2','270808H001','222/005'),
('2','270808H001','222/006'),
('2','270808H001','222/007'),
('2','270806I007','221/001'),
('2','270806I007','221/002'),
('2','270806I007','221/003'),
('2','270806I007','221/004'),
('2','270806I007','221/005'),
('2','270806I007','221/006'),
('2','270806I007','221/007'),
('2','270806I007','221/008'),
('2','270806I007','221/009'),
('2','270806I007','221/010'),
('2','270806I007','221/011'),
('2','270806I007','221/012'),
('2','270806I006','220/001'),
('2','270806I006','220/002'),
('2','270806I006','220/003'),
('2','270806I006','220/004'),
('2','270806I006','220/005'),
('2','270806I006','220/006'),
('2','270806I006','220/007'),
('2','270806I006','220/008'),
('2','270806I006','220/009'),
('2','270806I006','220/010'),
('2','270806I006','220/011'),
('2','270806I005','219/001'),
('2','270806I005','219/002'),
('2','270806I005','219/003'),
('2','270806I005','219/004'),
('2','270806I005','219/005'),
('2','270806I005','219/006'),
('2','270806I005','219/007'),
('2','270806I005','219/008'),
('2','270806I005','219/009'),
('2','270806I005','219/010'),
('2','270806I005','219/011'),
('2','270806I005','219/012'),
('2','270806I002','218/001'),
('2','270806I002','218/002'),
('2','270806I002','218/003'),
('2','270806I002','218/004'),
('2','270806I002','218/005'),
('2','270806I002','218/006'),
('2','270806I002','218/007'),
('2','270806I002','218/008'),
('2','270806I002','218/009'),
('2','270806I002','218/010'),
('2','270806I002','218/011'),
('2','270806I002','218/012'),
('2','270806I001','217/001'),
('2','270806I001','217/002'),
('2','270806I001','217/003'),
('2','270806I001','217/004'),
('2','270806I001','217/005'),
('2','270806I001','217/006'),
('2','270806I001','217/007'),
('2','270806I001','217/008'),
('2','270806I001','217/009'),
('2','270806I001','217/010'),
('2','270806I001','217/011'),
('2','270806I001','217/012'),
('2','270522J011','216/001'),
('2','270522J011','216/002'),
('2','270522J011','216/003'),
('2','270522J011','216/004'),
('2','270522J011','216/005'),
('2','270522J011','216/006'),
('2','270522J011','216/007'),
('2','270522J011','216/008'),
('2','270522J011','216/009'),
('2','270522J011','216/010'),
('2','270522J011','216/011'),
('2','270521J009','215/001'),
('2','270521J009','215/002'),
('2','270521J009','215/003'),
('2','270521J009','215/004'),
('2','270507J004','206/001'),
('2','270507J004','206/002'),
('2','270507J004','206/003'),
('2','270507J004','206/004'),
('2','270507J004','206/005'),
('2','270507J004','206/006'),
('2','270507J004','206/007'),
('2','270507J003','205/001'),
('2','270507J003','205/002'),
('2','270507J003','205/003'),
('2','270507J003','205/004'),
('2','270507J003','205/005'),
('2','270507J003','205/006'),
('2','270507J003','205/007'),
('2','270507J003','205/008'),
('2','270507J003','205/009'),
('2','270507J003','205/010'),
('2','270507J003','205/011'),
('2','270507J003','205/012'),
('2','270507J002','204/001'),
('2','270507J002','204/002'),
('2','270507J002','204/003'),
('2','270507J002','204/004'),
('2','270507J002','204/005'),
('2','270507J002','204/006'),
('2','270507J002','204/007'),
('2','270507J002','204/008'),
('2','270507J002','204/009'),
('2','270507J002','204/010'),
('2','270507J002','204/011'),
('2','270507J002','204/012'),
('2','270507J002','204/013'),
('2','270507J002','204/014'),
('2','270507J002','204/015'),
('2','270507J001','203/001'),
('2','270507J001','203/002'),
('2','270507J001','203/003'),
('2','270507J001','203/004'),
('2','270507J001','203/005'),
('2','270507J001','203/006'),
('2','270507J001','203/007'),
('2','270507J001','203/008'),
('2','270507J001','203/009'),
('2','270507J001','203/010'),
('2','270507J001','203/011'),
('2','261112F1','01/001'),
('2','261112F1','01/002'),
('2','261112F2','02/001'),
('2','261112F2','02/002'),
('2','271130H013','240/001'),
('2','271130H013','240/002'),
('2','271130H013','240/003'),
('2','271130H013','240/004'),
('2','271130H013','240/005'),
('2','271130H013','240/006'),
('2','271130H013','240/007'),
('2','271130H013','240/008'),
('2','271130H008','236/001'),
('2','271130H008','236/002'),
('2','271130H008','236/003'),
('2','271130H008','236/004'),
('2','271130H008','236/005'),
('2','271130H008','236/006'),
('2','271130H002','233/001'),
('2','271130H002','233/002'),
('2','271130H002','233/003'),
('2','271130H002','233/004'),
('2','271130H002','233/005'),
('2','271130H002','233/006'),
('2','271130H002','233/007'),
('2','271130H002','233/008'),
('2','271130H002','233/009'),
('2','271130H002','233/010'),
('2','271130H002','233/011'),
('2','271130H001','232/001'),
('2','271130H001','232/002'),
('2','271130H001','232/003'),
('2','271130H001','232/004'),
('2','271130H001','232/005'),
('2','271130H001','232/006'),
('2','271130H001','232/007'),
('2','271130H001','232/008'),
('2','271130H001','232/009'),
('2','271121H001','224/001'),
('2','271121H001','224/002'),
('2','271121H001','224/003'),
('2','271121H001','224/004'),
('2','271121H001','224/005'),
('2','271121H001','224/006'),
('2','271121H001','224/007'),
('2','270521J008','214/001'),
('2','270521J008','214/002'),
('2','270521J008','214/003'),
('2','270521J008','214/004'),
('2','270521J008','214/005'),
('2','270521J007','213/001'),
('2','270521J007','213/002'),
('2','270521J007','213/003'),
('2','270521J007','213/004'),
('2','270521J007','213/005'),
('2','270521J006','212/001'),
('2','270521J006','212/002'),
('2','270521J006','212/003'),
('2','270521J005','211/001'),
('2','270521J005','211/002'),
('2','270521J005','211/003'),
('2','270521J004','210/001'),
('2','270521J004','210/002'),
('2','270521J004','210/003'),
('2','270521J004','210/004'),
('2','270521J004','210/005'),
('2','270521J004','210/006'),
('2','270521J004','210/007'),
('2','270521J003','209/001'),
('2','270521J003','209/002'),
('2','270521J003','209/003'),
('2','270521J003','209/004'),
('2','270521J003','209/005'),
('2','270521J003','209/006'),
('2','270521J003','209/007'),
('2','270521J003','209/008'),
('2','271016Y003','1094/001'),
('2','271016Y003','1094/002'),
('2','271016Y003','1094/003'),
('2','271016Y003','1094/004'),
('2','271016Y003','1094/005'),
('2','271016Y003','1094/006'),
('2','271016Y003','1094/007'),
('2','271016Y003','1094/008'),
('2','271016Y003','1094/009'),
('2','271016Y003','1094/010'),
('2','271016Y003','1094/011'),
('2','271016Y003','1094/012'),
('2','271016Y003','1094/013'),
('2','271016Y003','1094/014'),
('2','271016Y003','1094/015'),
('2','271016Y003','1094/016'),
('2','271016Y003','1094/017'),
('2','271016Y003','1094/018'),
('2','271016Y003','1094/019'),
('2','271016Y003','1094/020'),
('2','271016Y003','1094/021'),
('2','271016Y003','1094/022'),
('2','271016Y003','1094/023'),
('2','271016Y003','1094/024'),
('2','271016Y003','1094/025'),
('2','271016Y003','1094/026'),
('2','271016Y003','1094/027'),
('2','271016Y003','1094/028'),
('2','271016X002','1093/001'),
('2','271016X002','1093/002'),
('2','271016X002','1093/003'),
('2','271016X002','1093/004'),
('2','271016X002','1093/005'),
('2','271016X002','1093/006'),
('2','271016X002','1093/007'),
('2','271016X002','1093/008'),
('2','271016X002','1093/009'),
('2','271016X002','1093/010'),
('2','271016X002','1093/011'),
('2','271016X002','1093/012'),
('2','271016X002','1093/013'),
('2','271016X002','1093/014'),
('2','271016X002','1093/015'),
('2','271016X002','1093/016'),
('2','271016X002','1093/017'),
('2','271016X002','1093/018'),
('2','271016X002','1093/019'),
('2','271016X002','1093/020'),
('2','271016X002','1093/021'),
('2','271016X002','1093/022'),
('2','271016X002','1093/023'),
('2','271016X002','1093/024'),
('2','271016X002','1093/025'),
('2','271016Y001','1092/001'),
('2','271016Y001','1092/002'),
('2','271016Y001','1092/003'),
('2','271016Y001','1092/004'),
('2','271016Y001','1092/005'),
('2','271016Y001','1092/006'),
('2','271016Y001','1092/007'),
('2','271016Y001','1092/008'),
('2','271016Y001','1092/009'),
('2','271016Y001','1092/010'),
('2','271016Y001','1092/011'),
('2','271016Y001','1092/012'),
('2','271016Y001','1092/013'),
('2','271016Y001','1092/014'),
('2','271016Y001','1092/015'),
('2','271016Y001','1092/016'),
('2','271016Y001','1092/017'),
('2','271016Y001','1092/018'),
('2','271016Y001','1092/019'),
('2','271016Y001','1092/020'),
('2','271016Y001','1092/021'),
('2','271016Y001','1092/022'),
('2','271016Y001','1092/023'),
('2','271016Y001','1092/024'),
('2','271014Y003','1091/001'),
('2','271014Y003','1091/002'),
('2','271014Y003','1091/003'),
('2','271014Y003','1091/004'),
('2','271014Y003','1091/005'),
('2','271014Y003','1091/006'),
('2','271014Y003','1091/007'),
('2','271014Y003','1091/008'),
('2','271014Y003','1091/009'),
('2','271014Y003','1091/010'),
('2','271014Y003','1091/011'),
('2','271014Y003','1091/012'),
('2','271014Y003','1091/013'),
('2','271014Y003','1091/014'),
('2','271014Y003','1091/015'),
('2','271014Y003','1091/016'),
('2','271014Y003','1091/017'),
('2','271014Y003','1091/018'),
('2','271014Y003','1091/019'),
('2','271014Y003','1091/020'),
('2','271014Y003','1091/021'),
('2','271014Y003','1091/022'),
('2','271014X002','1090/001'),
('2','271014X002','1090/002'),
('2','271014X002','1090/003'),
('2','271014X002','1090/004'),
('2','271014X002','1090/005'),
('2','271014X002','1090/006'),
('2','271014X002','1090/007'),
('2','271014X002','1090/008'),
('2','271014X002','1090/009'),
('2','271014X002','1090/010'),
('2','271014X002','1090/011'),
('2','271014X002','1090/012'),
('2','271014X002','1090/013'),
('2','271014X002','1090/014'),
('2','271014X002','1090/015'),
('2','271014X002','1090/016'),
('2','271014X002','1090/017'),
('2','271014X002','1090/018'),
('2','271014X002','1090/019'),
('2','271014X002','1090/020'),
('2','271014X002','1090/021'),
('2','271014X002','1090/022'),
('2','271014X002','1090/023'),
('2','271014X002','1090/024'),
('2','2701014X001','089/001'),
('2','2701014X001','089/002'),
('2','2701014X001','089/003'),
('2','2701014X001','089/004'),
('2','2701014X001','089/005'),
('2','2701014X001','089/006'),
('2','2701014X001','089/007'),
('2','2701014X001','089/008'),
('2','2701014X001','089/009'),
('2','2701014X001','089/010'),
('2','2701014X001','089/011'),
('2','2701014X001','089/012'),
('2','2701014X001','089/013'),
('2','2701014X001','089/014'),
('2','2701014X001','089/015'),
('2','2701014X001','089/016'),
('2','271226X010','1123/001'),
('2','271226X010','1123/002'),
('2','271226X010','1123/003'),
('2','271226X010','1123/004'),
('2','271226X010','1123/005'),
('2','271226X009','1122/001'),
('2','271226X009','1122/002'),
('2','271226X009','1122/003'),
('2','271226X009','1122/004'),
('2','271226X009','1122/005'),
('2','271226X008','1121/001'),
('2','271226X008','1121/002'),
('2','271226X008','1121/003'),
('2','271226X008','1121/004'),
('2','271226X008','1121/005'),
('2','271226X008','1121/006'),
('2','271226X007','1120/001'),
('2','271226X007','1120/002'),
('2','271226X007','1120/003'),
('2','271226X007','1120/004'),
('2','271226X007','1120/005'),
('2','271226X007','1120/006'),
('2','271226X006','1119/001'),
('2','271226X006','1119/002'),
('2','271226X006','1119/003'),
('2','271226X005','1118/001'),
('2','271226X005','1118/002'),
('2','271226X005','1118/003'),
('2','271226X005','1118/004'),
('2','271226X004','1117/001'),
('2','271226X004','1117/002'),
('2','271226X004','1117/003'),
('2','271226X004','1117/004'),
('2','271226X004','1117/005'),
('2','271226X004','1117/006'),
('2','271226X004','1117/007'),
('2','271226X004','1117/008'),
('2','271226X003','1116/001'),
('2','271226X003','1116/002'),
('2','271226X003','1116/003'),
('2','271226X003','1116/004'),
('2','271226X003','1116/005'),
('2','271226X003','1116/006'),
('2','271226X003','1116/007'),
('2','271226X002','1115/001'),
('2','271226X002','1115/002'),
('2','271226X002','1115/003'),
('2','271226X002','1115/004'),
('2','271226X002','1115/005'),
('2','271226X002','1115/006'),
('2','271226X002','1115/007'),
('2','271226X002','1115/008'),
('2','271226X002','1115/009'),
('2','271226X002','1115/010'),
('2','271226X001','1114/001'),
('2','271226X001','1114/002'),
('2','271226X001','1114/003'),
('2','271226X001','1114/004'),
('2','271226X001','1114/005'),
('2','271226X001','1114/006'),
('2','271226X001','1114/007'),
('2','271226X001','1114/008'),
('2','271221Z007','1113/001'),
('2','271221Z007','1113/002'),
('2','271221Z007','1113/003'),
('2','271221Z007','1113/004'),
('2','271221Z007','1113/005'),
('2','271221Z007','1113/006'),
('2','271221Z007','1113/007'),
('2','271221Z006','1112/001'),
('2','271221Z006','1112/002'),
('2','271221Z006','1112/003'),
('2','271221Z006','1112/004'),
('2','271221Z006','1112/005'),
('2','271221Z006','1112/006'),
('2','271221Z006','1112/007'),
('2','271221Z006','1112/008'),
('2','271221Z005','1111/001'),
('2','271221Z005','1111/002'),
('2','271221Z005','1111/003'),
('2','271221Z005','1111/004'),
('2','271221Z005','1111/005'),
('2','271221Z004','1110/001'),
('2','271221Z004','1110/002'),
('2','271221Z004','1110/003'),
('2','271221Z004','1110/004'),
('2','271221Z004','1110/005'),
('2','271221Z004','1110/006'),
('2','271221Z004','1110/007'),
('2','271221Z004','1110/008'),
('2','271221Z004','1110/009'),
('2','271221Z003','1109/001'),
('2','271221Z003','1109/002'),
('2','271221Z003','1109/003'),
('2','271221Z003','1109/004'),
('2','271221Z003','1109/005'),
('2','271221Z001','1107/001'),
('2','271221Z001','1107/002'),
('2','271221Z001','1107/003'),
('2','271221Z001','1107/004'),
('2','271221Z001','1107/005'),
('2','271221Z001','1107/006'),
('2','271219X004','1106/001'),
('2','271219X004','1106/002'),
('2','271219X004','1106/003'),
('2','271219X004','1106/004'),
('2','271219X004','1106/005'),
('2','271219X004','1106/006'),
('2','271219X004','1106/007'),
('2','271219X004','1106/008'),
('2','271219X004','1106/009'),
('2','271219X004','1106/010'),
('2','271219X002','1104/001'),
('2','271219X002','1104/002'),
('2','271219X002','1104/003'),
('2','271219X002','1104/004'),
('2','271219X002','1104/005'),
('2','271219X002','1104/006'),
('2','271219X002','1104/007'),
('2','271219X002','1104/008'),
('2','271219X002','1104/009'),
('2','271219X002','1104/010'),
('2','271219X002','1104/011'),
('2','271219X002','1104/012'),
('2','271219X002','1104/013'),
('2','271219X002','1104/014'),
('2','271219X001','1103/001'),
('2','271219X001','1103/002'),
('2','271219X001','1103/003'),
('2','271219X001','1103/004'),
('2','271219X001','1103/005'),
('2','271219X001','1103/006'),
('2','271219X001','1103/007'),
('2','271219X001','1103/008'),
('2','271219X001','1103/009'),
('2','271219X001','1103/010'),
('2','271218X003','1102/001'),
('2','271218X003','1102/002'),
('2','271218X003','1102/003'),
('2','271218X003','1102/004'),
('2','271218X003','1102/005'),
('2','271218X003','1102/006'),
('2','271218X003','1102/007'),
('2','271218X002','1101/001'),
('2','271218X002','1101/002'),
('2','271218X002','1101/003'),
('2','271218X002','1101/004'),
('2','271218X002','1101/005'),
('2','271218X002','1101/006'),
('2','271218X002','1101/007'),
('2','271218X002','1101/008'),
('2','271218X002','1101/009'),
('2','271116X003','1099/001'),
('2','271116X003','1099/002'),
('2','271116X003','1099/003'),
('2','271116X003','1099/004'),
('2','271116X003','1099/005'),
('2','271116X003','1099/006'),
('2','271116X003','1099/007'),
('2','271116X003','1099/008'),
('2','271116X001','1098/001'),
('2','271116X001','1098/002'),
('2','271116X001','1098/003'),
('2','271116X001','1098/004'),
('2','271116X001','1098/005'),
('2','271116X001','1098/006'),
('2','271116X001','1098/007'),
('2','271113X003','1096/001'),
('2','271113X003','1096/002'),
('2','271113X003','1096/003'),
('2','271113X003','1096/004'),
('2','271113X003','1096/005'),
('2','271113X001','1095/001'),
('2','271113X001','1095/002'),
('2','271113X001','1095/003'),
('2','271113X001','1095/004'),
('2','271113X001','1095/005'),
('2','271113X001','1095/006'),
('2','271113X001','1095/007'),
('2','271113X001','1095/008'),
('2','271113X001','1095/009'),
('2','271113X001','1095/010'),
('2','271113X001','1095/011'),
('2','270721Z008','1088/001'),
('2','270721Z008','1088/002'),
('2','270721Z008','1088/003'),
('2','270721Z007','1087/001'),
('2','270721Z007','1087/002'),
('2','270721Z007','1087/003'),
('2','270721Z007','1087/004'),
('2','270721Z006','1086/001'),
('2','270721Z006','1086/002'),
('2','270721Z006','1086/003'),
('2','270721Z006','1086/004'),
('2','270721Z005','1085/001'),
('2','270721Z005','1085/002'),
('2','270721Z005','1085/003'),
('2','270721Z005','1085/004'),
('2','270721Z004','1084/001'),
('2','270721Z004','1084/002'),
('2','270721Z004','1084/003'),
('2','270721Z003','1083/001'),
('2','270721Z003','1083/002'),
('2','270721Z003','1083/003'),
('2','270721Z003','1083/004'),
('2','270721Z002','1082/001'),
('2','270721Z002','1082/002'),
('2','270721Z001','1081/001'),
('2','270721Z001','1081/002'),
('2','270721Y011','1079/001'),
('2','270721Y011','1079/002'),
('2','270721Y011','1079/003'),
('2','270721Y011','1079/004'),
('2','270721Y010','1078/001'),
('2','270721Y010','1078/002'),
('2','270721Y010','1078/003'),
('2','270721Y010','1078/004'),
('2','270721Y008','1076/001'),
('2','270721Y008','1076/002'),
('2','270721Y008','1076/003'),
('2','270721Y008','1076/004'),
('2','270721Y006','1075/001'),
('2','270721Y006','1075/002'),
('2','270721Y006','1075/003'),
('2','270721Y003','1072/001'),
('2','270721Y003','1072/002'),
('2','270721Y003','1072/003'),
('2','270721Y003','1072/004'),
('2','270721Y002','1071/001'),
('2','270721Y002','1071/002'),
('2','270721Y002','1071/003'),
('2','270715X014','1070/001'),
('2','270715X014','1070/002'),
('2','270715X013','1069/001'),
('2','270715X013','1069/002'),
('2','270715X013','1069/003'),
('2','270715X013','1069/004'),
('2','270715X013','1069/005'),
('2','270715X011','1067/001'),
('2','270715X011','1067/002'),
('2','270715X011','1067/003'),
('2','270715X010','1066/001'),
('2','270715X010','1066/002'),
('2','270715X010','1066/003'),
('2','270715X009','1065/001'),
('2','270715X009','1065/002'),
('2','270715X009','1065/003'),
('2','270715X009','1065/004'),
('2','270715X008','1064/001'),
('2','270715X008','1064/002'),
('2','270715X008','1064/003'),
('2','270715X008','1064/004'),
('2','270715X008','1064/005'),
('2','270715X007','1063/001'),
('2','270715X007','1063/002'),
('2','270715X007','1063/003'),
('2','270715X007','1063/004'),
('2','270715X007','1063/005'),
('2','270715X006','1062/001'),
('2','270715X006','1062/002'),
('2','270715X006','1062/003'),
('2','270715X006','1062/004'),
('2','270715X006','1062/005'),
('2','270715X005','1061/001'),
('2','270715X005','1061/002'),
('2','270715X005','1061/003'),
('2','270715X005','1061/004'),
('2','270715X005','1061/005'),
('2','270715X004','1060/001'),
('2','270715X004','1060/002'),
('2','270715X004','1060/003'),
('2','270715X004','1060/004'),
('2','270715X004','1060/005'),
('2','270715X004','1060/006'),
('2','270715X003','1059/001'),
('2','270715X003','1059/002'),
('2','270715X003','1059/003'),
('2','270715X003','1059/004'),
('2','270715X003','1059/005'),
('2','270715X003','1059/006'),
('2','270311X001','1001/001'),
('2','270311X001','1001/002'),
('2','270311X001','1001/003'),
('2','270311X001','1001/004'),
('2','270311X001','1001/005'),
('2','270311X001','1001/006'),
('2','270311Y001','1002/001'),
('2','270311Y001','1002/002'),
('2','270311Y001','1002/003'),
('2','270311Z003','1005/001'),
('2','270311Z003','1005/002'),
('2','270311Z003','1005/003'),
('2','270311Z003','1005/004'),
('2','270311Z003','1005/005'),
('2','270311Z003','1005/006'),
('2','270311Z003','1005/007'),
('2','270311Z003','1005/008'),
('2','270311Z004','1006/001'),
('2','270311Z004','1006/002'),
('2','270311Z004','1006/003'),
('2','270311Z004','1006/004'),
('2','270311Z004','1006/005'),
('2','270311Z005','1007/001'),
('2','270311Z005','1007/002'),
('2','270311Z005','1007/003'),
('2','270311Z005','1007/004'),
('2','270311Z007','1009/001'),
('2','270311Z007','1009/002'),
('2','270311Z007','1009/003'),
('2','270311Z007','1009/004'),
('2','270311Z007','1009/005'),
('2','270311Z008','1010/001'),
('2','270311Z008','1010/002'),
('2','270311Z008','1010/003'),
('2','270311Z008','1010/004'),
('2','270311Z008','1010/005'),
('2','270311Z008','1010/006'),
('2','270311Z009','1011/001'),
('2','270311Z009','1011/002'),
('2','270311Z009','1011/003'),
('2','270311Z009','1011/004'),
('2','270311Z009','1011/005'),
('2','270311Z010','1012/001'),
('2','270311Z010','1012/002'),
('2','270311Z010','1012/003'),
('2','270311Z010','1012/004'),
('2','270311Z010','1012/005'),
('2','270311Z010','1012/006'),
('2','270312X001','1013/001'),
('2','270312X001','1013/002'),
('2','270312X001','1013/003'),
('2','270312X001','1013/004'),
('2','270312X001','1013/005'),
('2','270312X002','1014/001'),
('2','270312X002','1014/002'),
('2','270312X002','1014/003'),
('2','270312X002','1014/004'),
('2','270312X002','1014/005'),
('2','270312X003','1015/001'),
('2','270312X003','1015/002'),
('2','270312X003','1015/003'),
('2','270312X003','1015/004'),
('2','270312X003','1015/005'),
('2','270312X005','1017/001'),
('2','270312X005','1017/002'),
('2','270312X005','1017/003'),
('2','270312X005','1017/004'),
('2','270312X005','1017/005'),
('2','270312X005','1017/006'),
('2','270312X006','1018/001'),
('2','270312X006','1018/002'),
('2','270312X006','1018/003'),
('2','270312X006','1018/004'),
('2','270312X006','1018/005'),
('2','270312X006','1018/006'),
('2','270312Y001','1019/001'),
('2','270312Y001','1019/002'),
('2','270312Y001','1019/003'),
('2','270312Y001','1019/004'),
('2','270312Y001','1019/005'),
('2','270312Y001','1019/006'),
('2','270312Y002','1020/001'),
('2','270312Y002','1020/002'),
('2','270312Y002','1020/003'),
('2','270312Y002','1020/004'),
('2','270312Y002','1020/005'),
('2','270312Y004','1022/001'),
('2','270312Y004','1022/002'),
('2','270312Y004','1022/003'),
('2','270312Y004','1022/004'),
('2','270312Y005','1023/001'),
('2','270312Y005','1023/002'),
('2','270312Y005','1023/003'),
('2','270312Y006','1024/001'),
('2','270312Y006','1024/002'),
('2','270312Y006','1024/003'),
('2','270312Z001','1026/001'),
('2','270312Z001','1026/002'),
('2','270312Z001','1026/003'),
('2','270312Z001','1026/004'),
('2','270312Z001','1026/005'),
('2','270312Z002','1027/001'),
('2','270312Z002','1027/002'),
('2','270312Z002','1027/003'),
('2','270312Z002','1027/004'),
('2','270312Z002','1027/005'),
('2','270312Z002','1027/006'),
('2','270312Z003','1028/001'),
('2','270312Z003','1028/002'),
('2','270312Z003','1028/003'),
('2','270312Z003','1028/004'),
('2','270312Z003','1028/005'),
('2','270312Z003','1028/006'),
('2','270312Z003','1028/007'),
('2','270312Z003','1028/008'),
('2','270312Z004','1029/001'),
('2','270312Z004','1029/002'),
('2','270312Z004','1029/003'),
('2','270312Z004','1029/004'),
('2','270312Z004','1029/005'),
('2','270312Z004','1029/006'),
('2','270312Z004','1029/007'),
('2','270312Z004','1029/008'),
('2','270312Z005','1030/001'),
('2','270312Z005','1030/002'),
('2','270312Z005','1030/003'),
('2','270312Z005','1030/004'),
('2','270312Z005','1030/005'),
('2','270312Z005','1030/006'),
('2','270312Z006','1031/001'),
('2','270312Z006','1031/002'),
('2','270312Z006','1031/003'),
('2','270312Z006','1031/004'),
('2','270312Z006','1031/005'),
('2','270312Z007','1032/001'),
('2','270312Z007','1032/002'),
('2','270312Z007','1032/003'),
('2','270312Z007','1032/004'),
('2','270312Z008','1033/001'),
('2','270312Z008','1033/002'),
('2','270312Z008','1033/003'),
('2','270312Z008','1033/004'),
('2','270312Z009','1034/001'),
('2','270312Z009','1034/002'),
('2','270312Z009','1034/003'),
('2','270312Z009','1034/004'),
('2','270312Z010','1035/001'),
('2','270312Z010','1035/002'),
('2','270312Z010','1035/003'),
('2','270312Z010','1035/004'),
('2','270312Z011','1036/001'),
('2','270312Z011','1036/002'),
('2','270312Z011','1036/003'),
('2','270312Z011','1036/004'),
('2','270313X001','1038/001'),
('2','270313X001','1038/002'),
('2','270313X001','1038/003'),
('2','270313X001','1038/004'),
('2','270313X001','1038/005'),
('2','270313X001','1038/006'),
('2','270313X001','1038/007'),
('2','270313X001','1038/008'),
('2','270313X001','1038/009'),
('2','270313Y003','1039/001'),
('2','270313Y003','1039/002'),
('2','270313Y003','1039/003'),
('2','270313Y003','1039/004'),
('2','270313Y003','1039/005'),
('2','270313Y003','1039/006'),
('2','270313Y003','1039/007'),
('2','270313Y003','1039/008'),
('2','270313Y003','1039/009'),
('2','270313Y003','1039/010'),
('2','270313Z002','1041/001'),
('2','270313Z002','1041/002'),
('2','270313Z002','1041/003'),
('2','270313Z002','1041/004'),
('2','270313Z002','1041/005'),
('2','270313Z002','1041/006'),
('2','270313Z002','1041/007'),
('2','270313Z002','1041/008'),
('2','270314X003','1044/001'),
('2','270314X003','1044/002'),
('2','270314X003','1044/003'),
('2','270314X003','1044/004'),
('2','270314X003','1044/005'),
('2','270314X003','1044/006'),
('2','270314X003','1044/007'),
('2','270314X004','1045/001'),
('2','270314X004','1045/002'),
('2','270314X004','1045/003'),
('2','270314X004','1045/004'),
('2','270314Y002','1047/001'),
('2','270314Y002','1047/002'),
('2','270314Y002','1047/003'),
('2','270314Y002','1047/004'),
('2','270314Z001','1050/001'),
('2','270314Z001','1050/002'),
('2','270314Z001','1050/003'),
('2','270314Z001','1050/004'),
('2','270314Z001','1050/005'),
('2','270314Z001','1050/006'),
('2','270314Z001','1050/007'),
('2','270314Z002','1051/001'),
('2','270314Z002','1051/002'),
('2','270314Z002','1051/003'),
('2','270314Z002','1051/004'),
('2','270314Z002','1051/005'),
('2','270314Z002','1051/006'),
('2','270314Z003','1052/001'),
('2','270314Z003','1052/002'),
('2','270314Z003','1052/003'),
('2','270314Z003','1052/004'),
('2','270314Z003','1052/005'),
('2','270314Z003','1052/006'),
('2','270314Z004','1053/001'),
('2','270314Z004','1053/002'),
('2','270314Z004','1053/003'),
('2','270314Z004','1053/004'),
('2','270314Z004','1053/005'),
('2','270314Z004','1053/006'),
('2','270314Z004','1053/007'),
('2','270314Z005','1054/001'),
('2','270314Z005','1054/002'),
('2','270314Z005','1054/003'),
('2','270314Z005','1054/004'),
('2','270314Z005','1054/005'),
('2','270314Z007','1056/001'),
('2','270314Z007','1056/002'),
('2','270314Z007','1056/003'),
('2','270314Z007','1056/004'),
('2','270314Z007','1056/005'),
('2','270314Z007','1056/006'),
('2','280113X004','023/001'),
('2','280113X004','023/002'),
('2','280113X004','023/003'),
('2','280113X004','023/004'),
('2','280113X004','023/005'),
('2','280113X004','023/006'),
('2','280113X004','023/007'),
('2','271207H003','019/001'),
('2','271207H003','019/002'),
('2','271207H003','019/003'),
('2','271207H003','019/004'),
('2','271207H003','019/005'),
('2','271207H003','019/006'),
('2','271207H003','019/007'),
('2','271207H002','018/001'),
('2','271207H002','018/002'),
('2','271207H002','018/003'),
('2','271207H002','018/004'),
('2','271207H002','018/005'),
('2','271207H001','017/001'),
('2','271207H001','017/002'),
('2','271207H001','017/003'),
('2','271207H001','017/004'),
('2','271207H001','017/005'),
('2','271207H001','017/006'),
('2','271207H001','017/007'),
('2','271207H001','017/008'),
('2','271207H001','017/009'),
('2','271207H001','017/010'),
('2','271130H007','014/001'),
('2','271130H007','014/002'),
('2','271130H007','014/003'),
('2','271130H007','014/004'),
('2','271130H007','014/005'),
('2','271130H007','014/006'),
('2','271130H007','014/007'),
('2','271130H007','014/008'),
('2','271130H007','014/009'),
('2','271130H007','014/010'),
('2','271130H007','014/011'),
('2','271218X001','1100/001'),
('2','271218X001','1100/002'),
('2','271218X001','1100/003'),
('2','271218X001','1100/004'),
('2','271218X001','1100/005'),
('2','280113X003','1320/001'),
('2','280113X003','1320/002'),
('2','280113X003','1320/003'),
('2','280113X003','1320/004'),
('2','280113X003','1320/005'),
('2','280113X003','1320/006'),
('2','280113X003','1320/007'),
('2','280113X003','1320/008'),
('2','280113X002','1319/001'),
('2','280113X002','1319/002'),
('2','280113X002','1319/003'),
('2','280113X002','1319/004'),
('2','280113X002','1319/005'),
('2','280113X002','1319/006'),
('2','280113X002','1319/007'),
('2','280113X001','1318/001'),
('2','280113X001','1318/002'),
('2','280113X001','1318/003'),
('2','280113X001','1318/004'),
('2','280113X001','1318/005'),
('2','271116H002','1317/001'),
('2','271116H002','1317/002'),
('2','271116H002','1317/003'),
('2','271116H002','1317/004'),
('2','271116H002','1317/005'),
('2','270808X001','1316/001'),
('2','270808X001','1316/002'),
('2','270808X001','1316/003'),
('2','270808X001','1316/004'),
('2','270808X001','1316/005'),
('2','270808X001','1316/006'),
('2','270808X001','1316/007'),
('2','270808X001','1316/008'),
('2','270808X001','1316/009'),
('2','270808X001','1316/010'),
('2','270808X001','1316/011'),
('2','270808X001','1316/012'),
('2','270808X001','1316/013'),
('2','270808X001','1316/014'),
('2','270808X001','1316/015'),
('2','270731Z002','1315/001'),
('2','270731Z002','1315/002'),
('2','270731Z002','1315/003'),
('2','270731Z002','1315/004'),
('2','270731Z002','1315/005'),
('2','270731Z002','1315/006'),
('2','270731Z001','1314/001'),
('2','270731Z001','1314/002'),
('2','270731Z001','1314/003'),
('2','270731Z001','1314/004'),
('2','270731Z001','1314/005'),
('2','270731Z001','1314/006'),
('2','270721Y007','1313/001'),
('2','270721Y007','1313/002'),
('2','270721Y007','1313/003'),
('2','270721Y007','1313/004'),
('2','270716Z002','1312/001'),
('2','270716Z002','1312/002'),
('2','270716Z002','1312/003'),
('2','270716Z002','1312/004'),
('2','270716Z002','1312/005'),
('2','270716Z001','1311/001'),
('2','270716Z001','1311/002'),
('2','270716Z001','1311/003'),
('2','270716Z001','1311/004'),
('2','270513Z004','1310/001'),
('2','270513Z004','1310/002'),
('2','270513Z004','1310/003'),
('2','270513Z004','1310/004'),
('2','270513Z004','1310/005'),
('2','270513Z004','1310/006'),
('2','270513Z003','1309/001'),
('2','270513Z003','1309/002'),
('2','270513Z003','1309/003'),
('2','270513Z003','1309/004'),
('2','270513Z003','1309/005'),
('2','270513Z003','1309/006'),
('2','270513Z002','1308/001'),
('2','270513Z002','1308/002'),
('2','270513Z002','1308/003'),
('2','270513Z002','1308/004'),
('2','270513Z002','1308/005'),
('2','270513Z002','1308/006'),
('2','270513Z001','1307/001'),
('2','270513Z001','1307/002'),
('2','270513Z001','1307/003'),
('2','270513Z001','1307/004'),
('2','270513Z001','1307/005'),
('2','270513Z001','1307/006'),
('2','270513Z001','1307/007'),
('2','270427Z004','1306/001'),
('2','270427Z004','1306/002'),
('2','270427Z004','1306/003'),
('2','270427Z004','1306/004'),
('2','270427Z004','1306/005'),
('2','270427Z004','1306/006'),
('2','270427Z004','1306/007'),
('2','270427Z003','1305/001'),
('2','270427Z003','1305/002'),
('2','270427Z003','1305/003'),
('2','270427Z003','1305/004'),
('2','270427Z003','1305/005'),
('2','270427Z003','1305/006'),
('2','270313Y001','1301/001'),
('2','270313Y001','1301/002'),
('2','270313Y001','1301/003'),
('2','270313Y001','1301/004'),
('2','270313Y002','1302/001'),
('2','270313Y002','1302/002'),
('2','270313Y002','1302/003'),
('2','270313Y002','1302/004'),
('2','270313Y002','1302/005'),
('2','270316Z001','1303/001'),
('2','270316Z001','1303/002'),
('2','270316Z001','1303/003'),
('2','270316Z001','1303/004'),
('2','270316Z001','1303/005'),
('2','270316Z002','1304/001'),
('2','270316Z002','1304/002'),
('2','270316Z002','1304/003'),
('2','270316Z002','1304/004'),
('2','270316Z002','1304/005'),
('2','270316Z002','1304/006'),
('2','270316Z002','1304/007'),
('2','271202Z001','1422/001'),
('2','271202Z001','1422/002'),
('2','271202Z001','1422/003'),
('2','271202Z001','1422/004'),
('2','271202Z001','1422/005'),
('2','271202Z001','1422/006'),
('2','271202Z001','1422/007'),
('2','271202Z001','1422/008'),
('2','271202Z001','1422/009'),
('2','271202Z001','1422/010'),
('2','271130X001','1421/001'),
('2','271130X001','1421/002'),
('2','271130X001','1421/003'),
('2','271130X001','1421/004'),
('2','271130X001','1421/005'),
('2','271130X001','1421/006'),
('2','271130X001','1421/007'),
('2','271116Z001','1420/001'),
('2','271116Z001','1420/002'),
('2','271116Z001','1420/003'),
('2','271116Z001','1420/004'),
('2','271116Z001','1420/005'),
('2','271116Z001','1420/006'),
('2','271116Z001','1420/007'),
('2','270716Z006','1419/001'),
('2','270716Z006','1419/002'),
('2','270716Z006','1419/003'),
('2','270716Z006','1419/004'),
('2','270716Z006','1419/005'),
('2','270716Z006','1419/006'),
('2','270716Z006','1419/007'),
('2','270716Z006','1419/008'),
('2','270716Z006','1419/009'),
('2','270716Z005','1418/001'),
('2','270716Z005','1418/002'),
('2','270716Z005','1418/003'),
('2','270716Z005','1418/004'),
('2','270716Z005','1418/005'),
('2','270716Z005','1418/006'),
('2','270716Z005','1418/007'),
('2','270716Z004','1417/001'),
('2','270716Z004','1417/002'),
('2','270716Z004','1417/003'),
('2','270716Z004','1417/004'),
('2','270716Z004','1417/005'),
('2','270716Z004','1417/006'),
('2','270716Z003','1416/001'),
('2','270716Z003','1416/002'),
('2','270716Z003','1416/003'),
('2','270716Z003','1416/004'),
('2','270716Z003','1416/005'),
('2','270716Z003','1416/006'),
('2','270716Z003','1416/007'),
('2','270716Z003','1416/008'),
('2','270714Z006','1415/001'),
('2','270714Z006','1415/002'),
('2','270714Z006','1415/003'),
('2','270714Z006','1415/004'),
('2','270714Z005','1414/001'),
('2','270714Z005','1414/002'),
('2','270714Z005','1414/003'),
('2','270714Z005','1414/004'),
('2','270310Z001','1401/001'),
('2','270310Z001','1401/002'),
('2','270310Z001','1401/003'),
('2','270310Z001','1401/004'),
('2','270310Z001','1401/005'),
('2','270310Z002','1402/001'),
('2','270310Z002','1402/002'),
('2','270310Z002','1402/003'),
('2','270310Z002','1402/004'),
('2','270310Z002','1402/005'),
('2','270310Z003','1403/001'),
('2','270310Z003','1403/002'),
('2','270310Z003','1403/003'),
('2','270310Z003','1403/004'),
('2','270310Z003','1403/005'),
('2','270310Z004','1404/001'),
('2','270310Z004','1404/002'),
('2','270310Z004','1404/003'),
('2','270310Z004','1404/004'),
('2','270310Z004','1404/005'),
('2','270310Z004','1404/006'),
('2','270310Z005','1405/001'),
('2','270310Z005','1405/002'),
('2','270310Z005','1405/003'),
('2','270310Z005','1405/004'),
('2','270310Z005','1405/005'),
('2','270310Z006','1406/001'),
('2','270310Z006','1406/002'),
('2','270310Z006','1406/003'),
('2','270310Z006','1406/004'),
('2','270310Z007','1407/001'),
('2','270310Z007','1407/002'),
('2','270310Z007','1407/003'),
('2','270310Z007','1407/004'),
('2','270310Z007','1407/005'),
('2','270310Z007','1407/006'),
('2','270310Z007','1407/007'),
('2','270310Z007','1407/008'),
('2','270310Z007','1407/009'),
('2','270310Z008','1408/001'),
('2','270310Z008','1408/002'),
('2','270310Z008','1408/003'),
('2','270310Z008','1408/004'),
('2','270310Z008','1408/005'),
('2','270310Z008','1408/006'),
('2','270310Z008','1408/007'),
('2','270310Z008','1408/008'),
('2','270313Z003','1409/001'),
('2','270313Z003','1409/002'),
('2','270313Z003','1409/003'),
('2','270313Z003','1409/004'),
('2','270313Z003','1409/005'),
('2','270313Z003','1409/006'),
('3','85','070/001'),
('3','85','070/002'),
('3','85','070/003'),
('3','85','070/004'),
('3','85','070/005'),
('3','85','070/006'),
('3','85','070/007'),
('3','85','070/008'),
('3','85','070/009'),
('3','85','070/010'),
('3','85','070/011'),
('3','85','070/012'),
('3','85','070/013'),
('3','85','070/014'),
('3','85','070/015'),
('3','85','070/016'),
('3','85','070/017'),
('3','84','069/001'),
('3','84','069/002'),
('3','84','069/003'),
('3','84','069/004'),
('3','84','069/005'),
('3','84','069/006'),
('3','84','069/007'),
('3','84','069/008'),
('3','84','069/009'),
('3','84','069/010'),
('3','84','069/011'),
('3','84','069/012'),
('3','84','069/013'),
('3','84','069/014'),
('3','83','068/001'),
('3','83','068/002'),
('3','83','068/003'),
('3','83','068/004'),
('3','83','068/005'),
('3','83','068/006'),
('3','83','068/007'),
('3','83','068/008'),
('3','83','068/009'),
('3','83','068/010'),
('3','83','068/011'),
('3','64','049/001'),
('3','64','049/002'),
('3','64','049/003'),
('3','64','049/004'),
('3','64','049/005'),
('3','64','049/006'),
('3','64','049/007'),
('3','64','049/008'),
('3','64','049/009'),
('3','64','049/010'),
('3','64','049/011'),
('3','64','049/012'),
('3','64','049/013'),
('3','64','049/014'),
('3','62','047/001'),
('3','62','047/002'),
('3','62','047/003'),
('3','62','047/004'),
('3','62','047/005'),
('3','62','047/006'),
('3','62','047/007'),
('3','62','047/008'),
('3','62','047/009'),
('3','62','047/010'),
('3','62','047/011'),
('3','62','047/012'),
('3','62','047/013'),
('4','1007','008/001'),
('4','1007','008/002'),
('4','1007','008/003'),
('4','1007','008/004'),
('4','1007','008/005'),
('4','1007','008/006'),
('4','1007','008/007'),
('4','1007','008/008'),
('4','1007','008/009'),
('4','1007','008/010'),
('4','1007','008/011'),
('4','1007','008/012'),
('4','1007','008/013'),
('4','1006','007/001'),
('4','1006','007/002'),
('4','1006','007/003'),
('4','1006','007/004'),
('4','1006','007/005'),
('4','1006','007/006'),
('4','1006','007/007'),
('4','1006','007/008'),
('4','1006','007/009'),
('4','1006','007/010'),
('4','1006','007/011'),
('4','1006','007/012'),
('4','1006','007/013'),
('4','1006','007/014'),
('4','1006','007/015'),
('4','1006','007/016'),
('4','1006','007/017'),
('4','1006','007/018'),
('4','1006','007/019'),
('4','1006','007/020'),
('4','1006','007/021'),
('4','1006','007/022'),
('4','1006','007/023'),
('4','1006','007/024'),
('4','1006','007/025'),
('4','1006','007/026'),
('4','1006','007/027'),
('4','1006','007/028'),
('4','1006','007/029'),
('4','1006','007/030'),
('4','2004','005/001'),
('4','2004','005/002'),
('4','2004','005/003'),
('4','2004','005/004'),
('4','2004','005/005'),
('4','2004','005/006'),
('4','2004','005/007'),
('4','2004','005/008'),
('4','2004','005/009'),
('4','2004','005/010'),
('4','2004','005/011'),
('4','2004','005/012'),
('4','2004','005/013'),
('4','2004','005/014'),
('4','2004','005/015'),
('4','2004','005/016'),
('4','2004','005/017'),
('4','2004','005/018'),
('4','2004','005/019'),
('4','2004','005/020'),
('4','2004','005/021'),
('4','2004','005/022'),
('4','1003','001/001'),
('4','1003','001/002'),
('4','1003','001/003'),
('4','1003','001/004'),
('4','1003','001/005'),
('4','1003','001/006'),
('4','1003','001/007'),
('4','1005','003/001'),
('4','1005','003/002'),
('4','1005','003/003'),
('4','1005','003/004'),
('4','1005','003/005'),
('4','1005','003/006'),
('4','1005','003/007'),
('4','1005','003/008'),
('4','1005','003/009'),
('4','1005','003/010'),
('4','1005','003/011'),
('4','1005','003/012')
;
/*}}}*/
